smiles,minimum_degree,MW,HBD,num_rings,num_rotatable_bonds,TPSA,solubility
OCC3OC(OCC2OC(OC(C#N)c1ccccc1)C(O)C(O)C2O)C(O)C(O)C3O ,1,457.432,7,3,7,202.32,-0.77
Cc1occc1C(=O)Nc2ccccc2,1,201.225,1,2,2,42.24,-3.3
CC(C)=CCCC(C)=CC(=O),1,152.237,0,0,4,17.07,-2.06
c1ccc2c(c1)ccc3c2ccc4c5ccccc5ccc43,2,278.354,0,5,0,0,-7.87
c1ccsc1,2,84.143,0,1,0,0,-1.33
c2ccc1scnc1c2 ,2,135.191,0,2,0,12.89,-1.5
Clc1cc(Cl)c(c(Cl)c1)c2c(Cl)cccc2Cl,1,326.437,0,2,1,0,-7.32
CC12CCC3C(CCc4cc(O)ccc34)C2CCC1O,1,272.388,2,4,0,40.46,-5.03
ClC4=C(Cl)C5(Cl)C3C1CC(C2OC12)C3C4(Cl)C5(Cl)Cl,1,380.913,0,5,0,12.53,-6.29
COc5cc4OCC3Oc2c1CC(Oc1ccc2C(=O)C3c4cc5OC)C(C)=C ,1,394.423,0,5,3,63.22,-4.42
O=C1CCCN1,1,85.106,1,1,0,29.1,1.07
Clc1ccc2ccccc2c1,1,162.619,0,2,0,0,-4.14
CCCC=C,1,70.135,0,0,2,0,-2.68
CCC1(C(=O)NCNC1=O)c2ccccc2,1,218.256,2,2,2,58.2,-2.64
CCCCCCCCCCCCCC,1,198.394,0,0,11,0,-7.96
CC(C)Cl,1,78.542,0,0,0,0,-1.41
CCC(C)CO,1,88.15,1,0,2,20.23,-0.47
N#Cc1ccccc1,1,103.124,0,1,0,23.79,-1
CCOP(=S)(OCC)Oc1cc(C)nc(n1)C(C)C,1,304.352,0,1,7,53.47,-3.64
CCCCCCCCCC(C)O,1,172.312,1,0,8,20.23,-2.94
Clc1ccc(c(Cl)c1)c2c(Cl)ccc(Cl)c2Cl ,1,326.437,0,2,1,0,-7.43
O=c2[nH]c1CCCc1c(=O)n2C3CCCCC3,1,234.299,1,3,1,54.86,-4.594
CCOP(=S)(OCC)SCSCC,1,260.386,0,0,8,18.46,-4.11
CCOc1ccc(NC(=O)C)cc1,1,179.219,1,1,3,38.33,-2.35
CCN(CC)c1c(cc(c(N)c1N(=O)=O)C(F)(F)F)N(=O)=O,1,322.243,1,1,5,115.54,-5.47
CCCCCCCO,1,116.204,1,0,5,20.23,-1.81
Cn1c(=O)n(C)c2nc[nH]c2c1=O,1,180.167,1,2,0,72.68,-1.39
CCCCC1(CC)C(=O)NC(=O)NC1=O,1,212.249,2,1,4,75.27,-1.661
ClC(Cl)=C(c1ccc(Cl)cc1)c2ccc(Cl)cc2,1,318.03,0,2,2,0,-6.9
CCCCCCCC(=O)OC,1,158.241,0,0,6,26.3,-3.17
CCc1ccc(CC)cc1,1,134.222,0,1,2,0,-3.75
CCOP(=S)(OCC)SCSC(C)(C)C,1,288.44,0,0,7,18.46,-4.755
COC(=O)Nc1cccc(OC(=O)Nc2cccc(C)c2)c1,1,300.314,2,2,3,76.66,-4.805
ClC(=C)Cl,1,96.944,0,0,0,0,-1.64
Cc1cccc2c1Cc3ccccc32,1,180.25,0,3,0,0,-5.22
CCCCC=O,1,86.134,0,0,3,17.07,-0.85
N(c1ccccc1)c2ccccc2,2,169.227,1,2,2,12.03,-3.504
CN(C)C(=O)SCCCCOc1ccccc1,1,253.367,0,1,6,29.54,-3.927
CCCOP(=S)(OCCC)SCC(=O)N1CCCCC1C,1,353.49,0,1,9,38.77,-4.15
CCCCCCCI,1,226.101,0,0,5,0,-4.81
c1c(Cl)cccc1c2ccccc2,1,188.657,0,2,1,0,-4.88
OCCCC=C,1,86.134,1,0,3,20.23,-0.15
O=C2NC(=O)C1(CCC1)C(=O)N2,1,168.152,2,2,0,75.27,-1.655
CC(C)C1CCC(C)CC1O ,1,156.269,1,1,1,20.23,-2.53
CC(C)OC=O,1,88.106,0,0,2,26.3,-0.63
CCCCCC(C)O,1,116.204,1,0,4,20.23,-1.55
CC(=O)Nc1ccc(Br)cc1,1,214.062,1,1,1,29.1,-3.083
c1ccccc1n2ncc(N)c(Br)c2(=O),1,266.098,1,2,1,60.91,-3.127
COC(=O)C1=C(C)NC(=C(C1c2ccccc2N(=O)=O)C(=O)OC)C ,1,346.339,1,2,4,107.77,-4.76
c2c(C)cc1nc(C)ccc1c2 ,1,157.216,0,2,0,12.89,-1.94
CCCCCCC#C,1,110.2,0,0,4,0,-3.66
CCC1(C(=O)NC(=O)NC1=O)C2=CCCCC2 ,1,236.271,2,2,2,75.27,-2.17
c1ccc2c(c1)ccc3c4ccccc4ccc23,2,228.294,0,4,0,0,-8.057
CCC(C)n1c(=O)[nH]c(C)c(Br)c1=O ,1,261.119,1,1,2,54.86,-2.523
Clc1cccc(c1Cl)c2c(Cl)c(Cl)cc(Cl)c2Cl ,1,360.882,0,2,1,0,-8.6
Cc1ccccc1O,1,108.14,1,1,0,20.23,-0.62
CC(C)CCC(C)(C)C,1,128.259,0,0,2,0,-5.05
Cc1ccc(C)c2ccccc12,1,156.228,0,2,0,0,-4.14
Cc1cc2c3ccccc3ccc2c4ccccc14,1,242.321,0,4,0,0,-6.57
CCCC(=O)C,1,86.134,0,0,2,17.07,-0.19
Clc1cc(Cl)c(Cl)c(c1Cl)c2c(Cl)c(Cl)cc(Cl)c2Cl ,1,429.772,0,2,1,0,-9.15
CCCOC(=O)CC,1,116.16,0,0,3,26.3,-0.82
CC34CC(O)C1(F)C(CCC2=CC(=O)C=CC12C)C3CC(O)C4(O)C(=O)CO,1,394.439,4,4,2,115.06,-3.68
Nc1ccc(O)cc1,1,109.128,2,1,0,46.25,-0.8
O=C(Cn1ccnc1N(=O)=O)NCc2ccccc2,1,260.253,1,2,5,90.06,-2.81
OC4=C(C1CCC(CC1)c2ccc(Cl)cc2)C(=O)c3ccccc3C4=O,1,366.844,1,4,2,54.37,-5.931
CCNc1nc(Cl)nc(n1)N(CC)CC,1,229.715,1,1,5,53.94,-4.06
NC(=O)c1cnccn1,1,123.115,1,1,1,68.87,-0.667
CCC(Br)(CC)C(=O)NC(N)=O,1,237.097,2,0,3,72.19,-2.68
Clc1ccccc1c2ccccc2Cl ,1,223.102,0,2,1,0,-5.27
O=C2CN(N=Cc1ccc(o1)N(=O)=O)C(=O)N2 ,1,238.159,1,2,3,118.05,-3.38
Clc2ccc(Oc1ccc(cc1)N(=O)=O)c(Cl)c2,1,284.098,0,2,3,52.37,-5.46
CC1(C)C2CCC1(C)C(=O)C2,1,152.237,0,2,0,17.07,-1.96
O=C1NC(=O)NC(=O)C1(CC=C)c1ccccc1,1,244.25,2,2,3,75.27,-2.369
CCCCC(=O)OCC,1,130.187,0,0,4,26.3,-2.25
CC(C)CCOC(=O)C,1,130.187,0,0,3,26.3,-1.92
O=C1N(COC(=O)CCCCC)C(=O)C(N1)(c2ccccc2)c3ccccc3,1,380.444,1,3,8,75.71,-5.886
Clc1cccc(c1)c2cc(Cl)ccc2Cl ,1,257.547,0,2,1,0,-6.01
CCCBr,1,122.993,0,0,1,0,-1.73
CCCC1COC(Cn2cncn2)(O1)c3ccc(Cl)cc3Cl,1,342.226,0,3,5,49.17,-3.493
COP(=S)(OC)SCC(=O)N(C)C=O,1,257.273,0,0,6,55.84,-1.995
Cc1ncnc2nccnc12,1,146.153,0,2,0,51.56,-0.466
NC(=S)N,1,76.124,2,0,0,52.04,0.32
Cc1ccc(C)cc1,1,106.168,0,1,0,0,-2.77
CCc1ccccc1CC,1,134.222,0,1,2,0,-3.28
ClC(Cl)(Cl)C(Cl)(Cl)Cl,1,236.74,0,0,0,0,-3.67
CC(C)C(C(=O)OC(C#N)c1cccc(Oc2ccccc2)c1)c3ccc(OC(F)F)cc3,1,451.469,0,3,9,68.55,-6.876
CCCN(=O)=O,1,89.094,0,0,2,43.14,-0.8
CC(C)C1CCC(C)CC1=O,1,154.253,0,1,1,17.07,-2.35
CCN2c1cc(Cl)ccc1NC(=O)c3cccnc23 ,1,273.723,1,3,1,45.23,-5.36
O=N(=O)c1c(Cl)c(Cl)ccc1,1,192.001,0,1,1,43.14,-3.48
CCCC(C)C1(CC=C)C(=O)NC(=S)NC1=O ,1,254.355,2,1,5,58.2,-3.46
c1ccc2c(c1)c3cccc4cccc2c34,2,202.256,0,4,0,0,-6
CCCOC(C)C,1,102.177,0,0,3,9.23,-1.34
Cc1cc(C)c2ccccc2c1,1,156.228,0,2,0,0,-4.29
CCC(=C(CC)c1ccc(O)cc1)c2ccc(O)cc2 ,1,268.356,2,2,4,40.46,-4.07
c1(C#N)c(Cl)c(C#N)c(Cl)c(Cl)c(Cl)1,1,265.914,0,1,0,47.58,-5.64
Clc1ccc(Cl)c(c1)c2ccc(Cl)c(Cl)c2,1,291.992,0,2,1,0,-7.25
C1OC1c2ccccc2 ,2,120.151,0,2,1,12.53,-1.6
CC(C)c1ccccc1,1,120.195,0,1,1,0,-3.27
CC12CCC3C(CCC4=CC(=O)CCC34C)C2CCC1C(=O)CO,1,330.468,1,4,2,54.37,-3.45
c2(Cl)c(Cl)c(Cl)c1nccnc1c2(Cl) ,1,267.93,0,2,0,25.78,-5.43
C1OC(O)C(O)C(O)C1O,1,150.13,4,1,0,90.15,0.39
ClCCl,1,84.933,0,0,0,0,-0.63
CCc1cccc2ccccc12,1,156.228,0,2,1,0,-4.17
COC=O,1,60.052,0,0,1,26.3,0.58
Oc1ccccc1N(=O)=O,1,139.11,1,1,1,63.37,-1.74
Cc1c[nH]c(=O)[nH]c1=O ,1,126.115,2,1,0,65.72,-1.506
CC(C)C,1,58.124,0,0,0,0,-2.55
OCC1OC(C(O)C1O)n2cnc3c(O)ncnc23,1,268.229,4,3,2,133.75,-1.23
Oc1c(I)cc(C#N)cc1I,1,370.915,1,1,0,44.02,-3.61
Oc1ccc(Cl)cc1C(=O)Nc2ccc(cc2Cl)N(=O)=O,1,327.123,2,2,3,92.47,-4.7
CCCCC,1,72.151,0,0,2,0,-3.18
c1ccccc1O,1,94.113,1,1,0,20.23,0
Nc3ccc2cc1ccccc1cc2c3 ,1,193.249,1,3,0,26.02,-5.17
Cn1cnc2n(C)c(=O)[nH]c(=O)c12 ,1,180.167,1,2,0,72.68,-2.523
c1ccc2cnccc2c1,2,129.162,0,2,0,12.89,-1.45
COP(=S)(OC)SCC(=O)N(C(C)C)c1ccc(Cl)cc1,1,367.86,0,1,7,38.77,-4.432
CCCCCCc1ccccc1,1,162.276,0,1,5,0,-5.21
Clc1ccccc1c2ccccc2,1,188.657,0,2,1,0,-4.54
CCCC(=C)C,1,84.162,0,0,2,0,-3.03
CC(C)C(C)C(C)C,1,114.232,0,0,2,0,-4.8
Clc1cc(Cl)c(Cl)c(Cl)c1Cl,1,250.339,0,1,0,0,-5.65
Oc1cccc(c1)N(=O)=O,1,139.11,1,1,1,63.37,-1.01
CCCCCCCCC=C,1,140.27,0,0,7,0,-5.51
CC(=O)OCC(COC(=O)C)OC(=O)C,1,218.205,0,0,5,78.9,-0.6
CCCCc1c(C)nc(nc1O)N(C)C ,1,209.293,1,1,4,49.25,-2.24
CC1(C)C(C=C(Cl)Cl)C1C(=O)OC(C#N)c2ccc(F)c(Oc3ccccc3)c2,1,434.294,0,3,6,59.32,-7.337
c1ccncc1,2,79.102,0,1,0,12.89,0.76
CCCCCCCBr,1,179.101,0,0,5,0,-4.43
Cc1ccncc1C,1,107.156,0,1,0,12.89,0.36
CC34CC(O)C1(F)C(CCC2=CC(=O)CCC12C)C3CCC4(O)C(=O)CO ,1,380.456,3,4,2,94.83,-3.43
CCSCc1ccccc1OC(=O)NC ,1,225.313,1,1,4,38.33,-2.09
CCOC(=O)CC(=O)OCC,1,160.169,0,0,4,52.6,-0.82
CC1=CCC(CC1)C(C)=C,1,136.238,0,1,1,0,-4.26
C1Cc2ccccc2C1,2,118.179,0,2,0,0,-3.04
CC(C)(C)c1ccc(O)cc1,1,150.221,1,1,0,20.23,-2.41
O=C2NC(=O)C1(CC1)C(=O)N2 ,1,154.125,2,2,0,75.27,-1.886
Clc1cccc(I)c1,1,238.455,0,1,0,0,-3.55
Brc1cccc2ccccc12,1,207.07,0,2,0,0,-4.35
CC/C=C/C,1,70.135,0,0,1,0,-2.54
Cc1cccc(C)n1,1,107.156,0,1,0,12.89,0.45
ClC=C(Cl)Cl,1,131.389,0,0,0,0,-1.96
Nc1cccc2ccccc12,1,143.189,1,2,0,26.02,-1.92
Cc1cccc(C)c1,1,106.168,0,1,0,0,-2.82
Oc2ncc1nccnc1n2,1,148.125,1,2,0,71.79,-1.947
CO,1,32.042,1,0,0,20.23,1.57
CCC1(CCC(C)C)C(=O)NC(=O)NC1=O,1,226.276,2,1,4,75.27,-2.468
CCC(=O)C,1,72.107,0,0,1,17.07,0.52
Fc1c[nH]c(=O)[nH]c1=O ,1,130.078,2,1,0,65.72,-1.077
Nc1ncnc2n(ccc12)C3OC(CO)C(O)C3O ,1,266.257,4,3,2,126.65,-1.95
Oc1cccc(O)c1,1,110.112,2,1,0,40.46,0.81
CCCCCCO,1,102.177,1,0,4,20.23,-1.24
CCCCCCl,1,106.596,0,0,3,0,-2.73
C=CC=C,1,54.092,0,0,1,0,-1.87
CCCOC(=O)C,1,102.133,0,0,2,26.3,-0.72
Oc2ccc1CCCCc1c2 ,1,148.205,1,2,0,20.23,-1.99
NC(=O)CCl ,1,93.513,1,0,1,43.09,-0.02
COP(=S)(OC)Oc1cc(Cl)c(I)cc1Cl,1,413,0,1,4,27.69,-6.62
Cc1ccc(Cl)cc1,1,126.586,0,1,0,0,-3.08
CSc1nnc(c(=O)n1N)C(C)(C)C,1,214.294,1,1,1,73.8,-2.253
Cc1ccc(OP(=O)(Oc2cccc(C)c2)Oc3ccccc3C)cc1,1,368.369,0,3,6,44.76,-6.01
CCCCCC=O,1,100.161,0,0,4,17.07,-1.3
CCCCOC(=O)c1ccc(N)cc1,1,193.246,1,1,4,52.32,-3.082
O2c1cc(C)ccc1N(C)C(=O)c3cc(N)cnc23 ,1,255.277,1,3,0,68.45,-3.043
CC(C)=CCC/C(C)=C\CO,1,154.253,1,0,4,20.23,-2.46
Clc1ccc(cc1)c2ccccc2Cl ,1,223.102,0,2,1,0,-5.28
O=C1N(COC(=O)CCCCCCC)C(=O)C(N1)(c2ccccc2)c3ccccc3,1,408.498,1,3,10,75.71,-6.523
CCN(=O)=O,1,75.067,0,0,1,43.14,-0.22
CCN(CC(C)=C)c1c(cc(cc1N(=O)=O)C(F)(F)F)N(=O)=O,1,333.266,0,1,6,89.52,-6.124
Clc1ccc(Cl)c(Cl)c1Cl,1,215.894,0,1,0,0,-4.57
CCCC(C)(COC(N)=O)COC(N)=O ,1,218.253,2,0,6,104.64,-1.807
CC(=O)C3CCC4C2CC=C1CC(O)CCC1(C)C2CCC34C ,1,316.485,1,4,1,37.3,-4.65
CI,1,141.939,0,0,0,0,-1
CC1CC(C)C(=O)C(C1)C(O)CC2CC(=O)NC(=O)C2 ,1,281.352,2,2,3,83.47,-1.13
O=C1N(COC(=O)CCCCCC)C(=O)C(N1)(c2ccccc2)c3ccccc3,1,394.471,1,3,9,75.71,-6.301
CC1=CC(=O)CC(C)(C)C1 ,1,138.21,0,1,0,17.07,-1.06
O=C1NC(=O)NC(=O)C1(CC)C(C)CC,1,212.249,2,1,3,75.27,-2.39
CCCCC(=O)CCCC,1,142.242,0,0,6,17.07,-2.58
CCC1(CCC(=O)NC1=O)c2ccccc2 ,1,217.268,1,2,2,46.17,-2.337
CCC(C)CC,1,86.178,0,0,2,0,-3.68
CCOc1ccc(cc1)C(C)(C)COCc3cccc(Oc2ccccc2)c3,1,376.496,0,3,9,27.69,-8.6
Cc1ccccc1n3c(C)nc2ccccc2c3=O,1,250.301,0,3,1,34.89,-2.925
ClCC#N,1,75.498,0,0,0,23.79,-0.092
CCOP(=S)(CC)Oc1cc(Cl)c(Cl)cc1Cl,1,333.604,0,1,5,18.46,-5.752
CC12CCC(=O)C=C1CCC3C2CCC4(C)C3CCC4(O)C#C ,1,312.453,1,4,0,37.3,-5.66
c1ccnnc1,2,80.09,0,1,0,25.78,1.1
Clc1cc(Cl)c(Cl)c(Cl)c1,1,215.894,0,1,0,0,-4.63
C1C(O)CCC2(C)CC3CCC4(C)C5(C)CC6OCC(C)CC6OC5CC4C3C=C21,1,414.63,1,6,0,38.69,-7.32
Nc1ccccc1O,1,109.128,2,1,0,46.25,-0.72
CCCCCCCCC(=O)OCC,1,186.295,0,0,8,26.3,-3.8
COCC(=O)N(C(C)C(=O)OC)c1c(C)cccc1C ,1,279.336,0,1,5,55.84,-1.601
CNC(=O)Oc1ccccc1OC(C)C,1,209.245,1,1,3,47.56,-2.05
CCC(C)Cl,1,92.569,0,0,1,0,-1.96
Oc1ccc2ccccc2c1,1,144.173,1,2,0,20.23,-2.28
CC(C)Oc1cc(c(Cl)cc1Cl)n2nc(oc2=O)C(C)(C)C,1,345.226,0,2,3,57.26,-5.696
CCCCC#C,1,82.146,0,0,2,0,-2.36
CCCCCCCC#C,1,124.227,0,0,5,0,-4.24
Cc1ccccc1Cl,1,126.586,0,1,0,0,-3.52
CC(C)OC(C)C,1,102.177,0,0,2,9.23,-1.1
Nc1ccc(cc1)S(=O)(=O)c2ccc(N)cc2,1,248.307,2,2,2,86.18,-3.094
CNN,1,46.073,2,0,0,38.05,1.34
CC#C,1,40.065,0,0,0,0,-0.41
CCOP(=S)(OCC)ON=C(C#N)c1ccccc1,1,298.304,0,1,7,63.84,-4.862
CCNP(=S)(OC)OC(=CC(=O)OC(C)C)C,1,281.314,1,0,7,56.79,-3.408
C=CC=O,1,56.064,0,0,1,17.07,0.57
O=c1[nH]cnc2nc[nH]c12 ,1,136.114,2,2,0,74.43,-2.296
Oc2ccc1ncccc1c2 ,1,145.161,1,2,0,33.12,-2.16
Fc1ccccc1,1,96.104,0,1,0,0,-1.8
CCCCl,1,78.542,0,0,1,0,-1.47
CCOC(=O)C,1,88.106,0,0,1,26.3,-0.04
CCCC(C)(C)C,1,100.205,0,0,1,0,-4.36
Cc1cc(C)c(C)c(C)c1C,1,148.249,0,1,0,0,-4
CC12CCC(CC1)C(C)(C)O2 ,1,154.253,0,3,0,9.23,-1.64
CCCCOC(=O)CCCCCCCCC(=O)OCCCC,1,314.466,0,0,15,52.6,-3.896
Clc1ccc(cc1)c2ccc(Cl)cc2 ,1,223.102,0,2,1,0,-6.56
Cc1cccnc1C,1,107.156,0,1,0,12.89,0.38
CC(=C)C1CC=C(C)C(=O)C1,1,150.221,0,1,1,17.07,-2.06
CCOP(=S)(OCC)SCSc1ccc(Cl)cc1,1,342.875,0,1,8,18.46,-5.736
COc1cc(cc(OC)c1O)C6C2C(COC2=O)C(OC4OC3COC(C)OC3C(O)C4O)c7cc5OCOc5cc67,1,588.562,3,7,5,160.83,-3.571
c1cc2cccc3c4cccc5cccc(c(c1)c23)c54,2,252.316,0,5,0,0,-8.804
Cc1ccc(cc1N(=O)=O)N(=O)=O,1,182.135,0,1,2,86.28,-2.82
c1c(Br)ccc2ccccc12 ,1,207.07,0,2,0,0,-4.4
CNC(=O)Oc1cccc(N=CN(C)C)c1,1,221.26,1,1,3,53.93,-2.34
COc2cnc1ncncc1n2,1,162.152,0,2,1,60.79,-1.139
Cc3ccnc4N(C1CC1)c2ncccc2C(=O)Nc34 ,1,266.304,1,4,1,58.12,-3.19
CCOP(=S)(OCC)Oc1nc(Cl)n(n1)C(C)C,1,313.747,0,1,7,58.4,-3.658
CC(=C)C=C,1,68.119,0,0,1,0,-2.03
CC(C)=CCCC(O)(C)C=C,1,154.253,1,0,4,20.23,-1.99
COP(=S)(OC)Oc1ccc(SC)c(C)c1,1,278.335,0,1,5,27.69,-4.57
OC1CCCCC1,1,100.161,1,1,0,20.23,-0.44
O=C1NC(=O)NC(=O)C1(C)CC=C,1,182.179,2,1,2,75.27,-1.16
CC34CCC1C(CCC2CC(O)CCC12C)C3CCC4=O,1,290.447,1,4,0,37.3,-4.16
OCC(O)C(O)C(O)C(O)CO ,1,182.172,6,0,5,121.38,0.06
Cc1ccc(cc1)c2ccccc2,1,168.239,0,2,1,0,-4.62
CCNc1nc(Cl)nc(NC(C)C)n1,1,215.688,2,1,4,62.73,-3.85
NC(=S)Nc1ccccc1,1,152.222,2,1,1,38.05,-1.77
CCCC(=O)CCC,1,114.188,0,0,4,17.07,-1.3
CC(=O)C(C)(C)C,1,100.161,0,0,0,17.07,-0.72
Oc1ccc(Cl)cc1,1,128.558,1,1,0,20.23,-0.7
O=C1CCCCC1,1,98.145,0,1,0,17.07,-0.6
Cc1cccc(N)c1,1,107.156,1,1,0,26.02,-0.85
ClC(Cl)(Cl)C#N,1,144.388,0,0,0,23.79,-2.168
CNc2cnn(c1cccc(c1)C(F)(F)F)c(=O)c2Cl,1,303.671,1,2,2,46.92,-4.046
CCCCCCCCC(=O)C,1,156.269,0,0,7,17.07,-3.3
CCN(CC)c1nc(Cl)nc(NC(C)C)n1,1,243.742,1,1,5,53.94,-3.785
CCOC(=O)c1ccc(N)cc1,1,165.192,1,1,2,52.32,-2.616
Clc1ccc(Cl)c(Cl)c1,1,181.449,0,1,0,0,-3.59
Cc3nnc4CN=C(c1ccccc1Cl)c2cc(Cl)ccc2n34,1,343.217,0,4,1,43.07,-4.09
Oc1ccccc1O,1,110.112,2,1,0,40.46,0.62
CCN2c1ncccc1N(C)C(=O)c3cccnc23 ,1,254.293,0,3,1,49.33,-2.62
CSC,1,62.137,0,0,0,0,-0.45
Cc1ccccc1Br,1,171.037,0,1,0,0,-2.23
CCOC(=O)N,1,89.094,1,0,1,52.32,0.85
CC(=O)OC3(CCC4C2C=C(C)C1=CC(=O)CCC1(C)C2CCC34C)C(C)=O ,1,384.516,0,4,2,60.44,-5.35
CC(C)C(O)C(C)C,1,116.204,1,0,2,20.23,-1.22
c1ccc2ccccc2c1,2,128.174,0,2,0,0,-3.6
CCNc1ccccc1,1,121.183,1,1,2,12.03,-1.7
O=C1NC(=O)C(N1)(c2ccccc2)c3ccccc3,1,252.273,2,3,2,58.2,-4.097
Cc1c2ccccc2c(C)c3ccc4ccccc4c13,1,256.348,0,4,0,0,-7.02
CCOP(=S)(OCC)SC(CCl)N1C(=O)c2ccccc2C1=O,1,393.854,0,2,8,55.84,-6.34
COc1ccc(cc1)C(c2ccc(OC)cc2)C(Cl)(Cl)Cl,1,345.653,0,2,4,18.46,-6.89
Fc1cccc(F)c1C(=O)NC(=O)Nc2cc(Cl)c(F)c(Cl)c2F ,1,381.112,2,2,2,58.2,-7.28
O=C1N(COC(=O)CCCC)C(=O)C(N1)(c2ccccc2)c3ccccc3,1,366.417,1,3,7,75.71,-4.678
CN(C)C(=O)Nc1ccc(Cl)cc1,1,198.653,1,1,1,32.34,-2.89
OC(Cn1cncn1)(c2ccc(F)cc2)c3ccccc3F,1,301.296,1,3,4,50.94,-3.37
CC(=O)OCC(=O)C3(O)C(CC4C2CCC1=CC(=O)C=CC1(C)C2(F)C(O)CC34C)OC(C)=O ,1,478.513,2,4,4,127.2,-4.13
CCCCBr,1,137.02,0,0,2,0,-2.37
Brc1cc(Br)c(Br)cc1Br,1,393.698,0,1,0,0,-6.98
CC(C)CC(=O)C,1,100.161,0,0,2,17.07,-0.74
CCSC(=O)N(CC)C1CCCCC1 ,1,215.362,0,1,3,20.31,-3.4
COc1ccc(Cl)cc1,1,142.585,0,1,1,9.23,-2.78
CC1(C)C(C=C(Br)Br)C1C(=O)OC(C#N)c2cccc(Oc3ccccc3)c2,1,505.206,0,3,6,59.32,-8.402
CCC(C)C1(CC=C)C(=O)NC(=O)NC1=O,1,224.26,2,1,4,75.27,-2.016
COP(=S)(OC)Oc1ccc(N(=O)=O)c(C)c1,1,277.238,0,1,5,70.83,-4.04
Ic1cccc2ccccc12,1,254.07,0,2,0,0,-4.55
OCC(O)C(O)C(O)C(O)CO,1,182.172,6,0,5,121.38,1.09
CCS,1,62.137,1,0,0,0,-0.6
ClCC(Cl)Cl,1,133.405,0,0,1,0,-1.48
CN(C)C(=O)Oc1cc(C)nn1c2ccccc2,1,245.282,0,2,2,47.36,-2.09
NC(=O)c1ccccc1O,1,137.138,2,1,1,63.32,-1.82
Cc1ccccc1N(=O)=O,1,137.138,0,1,1,43.14,-2.33
O=C1NC(=O)NC(=O)C1(C(C)C)C(C)C,1,212.249,2,1,2,75.27,-2.766
CCc1ccccc1C,1,120.195,0,1,1,0,-3.21
CCCCCCCCl,1,134.65,0,0,5,0,-4
O=C1NC(=O)NC(=O)C1(CC)CC,1,184.195,2,1,2,75.27,-2.4
C(Cc1ccccc1)c2ccccc2,2,182.266,0,2,3,0,-4.62
ClC(Cl)C(Cl)Cl,1,167.85,0,0,1,0,-1.74
CCN2c1cc(OC)cc(C)c1NC(=O)c3cccnc23 ,1,283.331,1,3,2,54.46,-5.153
Cc1ccc2c(ccc3ccccc32)c1,1,192.261,0,3,0,0,-5.84
CCCCOC(=O)c1ccccc1C(=O)OCCCC ,1,278.348,0,1,8,52.6,-4.4
COc1c(O)c(Cl)c(Cl)c(Cl)c1Cl ,1,261.919,1,1,1,29.46,-4.02
CCN(CC)C(=O)C(=CCOP(=O)(OC)OC)Cl,1,299.691,0,0,8,65.07,0.523
CC34CCC1C(=CCc2cc(O)ccc12)C3CCC4=O,1,268.356,1,4,0,37.3,-5.282
CCOC(=O)c1ccccc1S(=O)(=O)NN(C=O)c2nc(Cl)cc(OC)n2,1,414.827,1,2,8,127.79,-4.576
COc1ccc(cc1)N(=O)=O,1,153.137,0,1,2,52.37,-2.41
CCCCCCCl,1,120.623,0,0,4,0,-3.12
Clc1cc(c(Cl)c(Cl)c1Cl)c2cc(Cl)c(Cl)c(Cl)c2Cl,1,429.772,0,2,1,0,-9.16
OCC1OC(CO)(OC2OC(COC3OC(CO)C(O)C(O)C3O)C(O)C(O)C2O)C(O)C1O,1,504.438,11,3,8,268.68,-0.41
CCCCCCCCCCCCCCCCCCCCCCCCCC,1,366.718,0,0,23,0,-8.334
CCN2c1ccccc1N(C)C(=O)c3cccnc23 ,1,253.305,0,3,1,36.44,-3.324
CC(Cl)Cl,1,98.96,0,0,0,0,-1.29
Nc1ccc(cc1)S(N)(=O)=O,1,172.209,2,1,1,86.18,-1.34
CCCN(CCC)c1c(cc(cc1N(=O)=O)C(C)C)N(=O)=O,1,309.366,0,1,8,89.52,-6.49
ClC1C(Cl)C(Cl)C(Cl)C(Cl)C1Cl,1,290.832,0,1,0,0,-4.64
CCOP(=S)(NC(C)C)Oc1ccccc1C(=O)OC(C)C,1,345.401,1,1,8,56.79,-4.194
Clc1cccc(Cl)c1Cl,1,181.449,0,1,0,0,-4
ClC(Cl)(Cl)Cl,1,153.823,0,0,0,0,-2.31
O=N(=O)c1cc(Cl)c(Cl)cc1,1,192.001,0,1,1,43.14,-3.2
OC1CCCCCCC1,1,128.215,1,1,0,20.23,-1.29
CC1(O)CCC2C3CCC4=CC(=O)CCC4(C)C3CCC21C,1,302.458,1,4,0,37.3,-3.999
CCOc1ccc(NC(N)=O)cc1,1,180.207,2,1,3,64.35,-2.17
C/C1CCC(\C)CC1,1,112.216,0,1,0,0,-4.47
c1cnc2c(c1)ccc3ncccc23,2,180.21,0,3,0,25.78,-2.68
COC(C)(C)C,1,88.15,0,0,0,9.23,-0.24
COc1ccc(C=CC)cc1,1,148.205,0,1,2,9.23,-3.13
CCCCCCCCCCCCCCCCO,1,242.447,1,0,14,20.23,-7
O=c1cc[nH]c(=O)[nH]1 ,1,112.088,2,1,0,65.72,-1.488
Nc1ncnc2nc[nH]c12 ,1,135.13,2,2,0,80.48,-2.12
Clc1cc(Cl)c(cc1Cl)c2cccc(Cl)c2Cl ,1,326.437,0,2,1,0,-7.21
COc1ccc(cc1)C(O)(C2CC2)c3cncnc3 ,1,256.305,1,3,4,55.24,-2.596
c1ccc2c(c1)c3cccc4c3c2cc5ccccc54,2,252.316,0,5,0,0,-8.23
O=C(Nc1ccccc1)Nc2ccccc2,1,212.252,2,2,2,41.13,-3.15
CCC1(C(=O)NC(=O)NC1=O)c2ccccc2 ,1,232.239,2,2,2,75.27,-2.322
Clc1ccc(cc1)c2cccc(Cl)c2Cl ,1,257.547,0,2,1,0,-6.29
CC(C)c1ccc(NC(=O)N(C)C)cc1,1,206.289,1,1,2,32.34,-3.536
CCN(CC)C(=O)CSc1ccc(Cl)nn1,1,259.762,0,1,5,46.09,-1.716
CCC(C)(C)CO,1,102.177,1,0,2,20.23,-1.04
CCCOC(=O)CCC,1,130.187,0,0,4,26.3,-1.75
Cc1c(cc(cc1N(=O)=O)N(=O)=O)N(=O)=O,1,227.132,0,1,3,129.42,-3.22
CC(C)OP(=S)(OC(C)C)SCCNS(=O)(=O)c1ccccc1,1,397.524,1,1,10,64.63,-4.2
C1CCCCCC1,2,98.189,0,1,0,0,-3.51
CCCOC=O,1,88.106,0,0,3,26.3,-0.49
CC(C)c1ccccc1C,1,134.222,0,1,1,0,-3.76
Nc1cccc(Cl)c1,1,127.574,1,1,0,26.02,-1.37
CC(C)CC(C)C,1,100.205,0,0,2,0,-4.26
o1c2ccccc2c3ccccc13,2,168.195,0,3,0,13.14,-4.6
CCOC2Oc1ccc(OS(C)(=O)=O)cc1C2(C)C,1,286.349,0,2,4,61.83,-3.42
CN(C)C(=O)Nc1cccc(c1)C(F)(F)F,1,232.205,1,1,1,32.34,-3.43
c3ccc2nc1ccccc1cc2c3,2,179.222,0,3,0,12.89,-3.67
CC12CC(=O)C3C(CCC4=CC(=O)CCC34C)C2CCC1(O)C(=O)CO,1,360.45,2,4,2,91.67,-3.11
OCC1OC(O)C(O)C(O)C1O,1,180.156,5,1,1,110.38,0.74
Cc1cccc(O)c1,1,108.14,1,1,0,20.23,-0.68
CC2Cc1ccccc1N2NC(=O)c3ccc(Cl)c(c3)S(N)(=O)=O ,1,365.842,2,3,3,92.5,-3.586
CCC(C)C(=O)OC2CC(C)C=C3C=CC(C)C(CCC1CC(O)CC(=O)O1)C23 ,1,404.547,1,3,6,72.83,-6.005
O=N(=O)c1ccc(cc1)N(=O)=O,1,168.108,0,1,2,86.28,-3.39
CCC1(C(=O)NC(=O)NC1=O)C2=CCC3CCC2C3,1,262.309,2,3,2,75.27,-2.696
CCCCCCCCCC(=O)OCC,1,200.322,0,0,9,26.3,-4.1
CN(C)C(=O)Nc1ccccc1,1,164.208,1,1,1,32.34,-1.6
CCCOCC,1,88.15,0,0,3,9.23,-0.66
CC(C)O,1,60.096,1,0,0,20.23,0.43
Cc1ccc2ccccc2c1,1,142.201,0,2,0,0,-3.77
ClC(Br)Br,1,208.28,0,0,0,0,-1.9
CCC(C(CC)c1ccc(O)cc1)c2ccc(O)cc2,1,270.372,2,2,5,40.46,-4.43
CCOC(=O)CC(SP(=S)(OC)OC)C(=O)OCC,1,330.364,0,0,9,71.06,-3.37
ClCc1ccccc1,1,126.586,0,1,1,0,-2.39
C/C=C/C=O,1,70.091,0,0,1,17.07,0.32
CON(C)C(=O)Nc1ccc(Br)c(Cl)c1,1,293.548,1,1,2,41.57,-3.924
Cc1c2ccccc2c(C)c3ccccc13,1,206.288,0,3,0,0,-6.57
CCCCCC(=O)OC,1,130.187,0,0,4,26.3,-1.87
CN(C)C(=O)Nc1ccc(c(Cl)c1)n2nc(oc2=O)C(C)(C)C,1,338.795,1,2,2,80.37,-4.328
CC(=O)Nc1ccc(F)cc1,1,153.156,1,1,1,29.1,-1.78
CCc1cccc(CC)c1N(COC)C(=O)CCl ,1,269.772,0,1,6,29.54,-3.26
C1CCC=CC1,2,82.146,0,1,0,0,-2.59
CC12CC(O)C3C(CCC4=CC(=O)CCC34C)C2CCC1(O)C(=O)CO,1,362.466,3,4,2,94.83,-3.09
c1cncnc1,2,80.09,0,1,0,25.78,1.1
Clc1ccc(cc1)N(=O)=O,1,157.556,0,1,1,43.14,-2.92
CCC(=O)OC,1,88.106,0,0,1,26.3,-0.14
Clc1ccccc1N(=O)=O,1,157.556,0,1,1,43.14,-2.55
CCCCN(C)C(=O)Nc1ccc(Cl)c(Cl)c1,1,275.179,1,1,4,32.34,-4.77
CN1CC(O)N(C1=O)c2nnc(s2)C(C)(C)C,1,256.331,1,2,1,69.56,-1.877
O=N(=O)c1ccccc1,1,123.111,0,1,1,43.14,-1.8
Ic1ccccc1,1,204.01,0,1,0,0,-3.01
CC2Nc1cc(Cl)c(cc1C(=O)N2c3ccccc3C)S(N)(=O)=O ,1,365.842,2,3,2,92.5,-3.78
COc1ccccc1OCC(O)COC(N)=O,1,241.243,2,1,6,91.01,-0.985
CCCCOCN(C(=O)CCl)c1c(CC)cccc1CC ,1,311.853,0,1,9,29.54,-4.19
Oc1cccc(Cl)c1Cl,1,163.003,1,1,0,20.23,-1.3
CCCC(=O)OC,1,102.133,0,0,2,26.3,-1.92
CCC(=O)Nc1ccc(Cl)c(Cl)c1,1,218.083,1,1,2,29.1,-3
Nc3nc(N)c2nc(c1ccccc1)c(N)nc2n3,1,253.269,3,3,1,129.62,-2.404
CCCCCC(=O)OCC,1,144.214,0,0,5,26.3,-2.35
OCC(O)C2OC1OC(OC1C2O)C(Cl)(Cl)Cl ,1,309.529,3,2,2,88.38,-1.84
CN(C=Nc1ccc(C)cc1C)C=Nc2ccc(C)cc2C,1,293.414,0,2,4,27.96,-5.47
COc1nc(NC(C)C)nc(NC(C)C)n1,1,225.296,2,1,5,71.96,-2.478
CCCCCCC=C,1,112.216,0,0,5,0,-4.44
Cc1ccc(N)cc1,1,107.156,1,1,0,26.02,-1.21
Nc1nccs1 ,1,100.146,1,1,0,38.91,-0.36
c1ccccc1(OC(=O)NC),1,151.165,1,1,1,38.33,-1.803
CCCC(O)CC,1,102.177,1,0,3,20.23,-0.8
c3ccc2c(O)c1ccccc1cc2c3 ,1,194.233,1,3,0,20.23,-4.73
Cc1ccc2cc3ccccc3cc2c1,1,192.261,0,3,0,0,-6.96
Cc1cccc(C)c1C,1,120.195,0,1,0,0,-3.2
CNC(=O)Oc1ccc(N(C)C)c(C)c1,1,208.261,1,1,2,41.57,-2.36
CCCCCCCC(C)O,1,144.258,1,0,6,20.23,-2.74
CN(C(=O)NC(C)(C)c1ccccc1)c2ccccc2,1,268.36,1,2,3,32.34,-3.35
CCCC(=O)CC,1,100.161,0,0,3,17.07,-0.83
Oc1c(Br)cc(C#N)cc1Br ,1,276.915,1,1,0,44.02,-3.33
Clc1ccc(cc1Cl)c2ccccc2 ,1,223.102,0,2,1,0,-6.39
CN(C(=O)COc1nc2ccccc2s1)c3ccccc3,1,298.367,0,3,4,42.43,-4.873
Oc1cccc2ncccc12 ,1,145.161,1,2,0,33.12,-2.54
CC1=C(SCCO1)C(=O)Nc2ccccc2,1,235.308,1,2,2,38.33,-3.14
CCOc2ccc1nc(sc1c2)S(N)(=O)=O ,1,258.324,1,2,3,82.28,-3.81
Oc1c(Cl)c(Cl)c(Cl)c(Cl)c1Cl,1,266.338,1,1,0,20.23,-4.28
ClCBr,1,129.384,0,0,0,0,-0.89
CCC1(CC)C(=O)NC(=O)N(C)C1=O ,1,198.222,1,1,2,66.48,-2.23
CC(=O)OCC(=O)C3CCC4C2CCC1=CC(=O)CCC1(C)C2CCC34C ,1,372.505,0,4,3,60.44,-4.63
NC(=O)NCc1ccccc1 ,1,150.181,2,1,2,55.12,-0.95
CN(C)C(=O)Nc1ccc(C)c(Cl)c1,1,212.68,1,1,1,32.34,-3.483
CON(C)C(=O)Nc1ccc(Cl)c(Cl)c1,1,249.097,1,1,2,41.57,-3.592
OC1CCCCCC1,1,114.188,1,1,0,20.23,-0.88
CS(=O)(=O)c1ccc(cc1)C(O)C(CO)NC(=O)C(Cl)Cl ,1,356.227,3,1,6,103.7,-2.154
CCCC(C)C1(CC)C(=O)NC(=S)NC1=O ,1,242.344,2,1,4,58.2,-3.36
CC(=O)Nc1nnc(s1)S(N)(=O)=O ,1,222.251,2,1,2,115.04,-2.36
Oc1ccc(cc1)N(=O)=O,1,139.11,1,1,1,63.37,-0.74
ClC1=C(Cl)C2(Cl)C3C4CC(C=C4)C3C1(Cl)C2(Cl)Cl,1,364.914,0,4,0,0,-6.307
C1CCOC1,2,72.107,0,1,0,9.23,0.49
Nc1ccccc1N(=O)=O,1,138.126,1,1,1,69.16,-1.96
Clc1cccc(c1Cl)c2cccc(Cl)c2Cl,1,291.992,0,2,1,0,-7.28
CCCCC1C(=O)N(N(C1=O)c2ccccc2)c3ccccc3 ,1,308.381,0,3,5,40.62,-3.81
Cc1c(cccc1N(=O)=O)N(=O)=O,1,182.135,0,1,2,86.28,-3
CC(=O)C1CCC2C3CCC4=CC(=O)CCC4(C)C3CCC12C,1,314.469,0,4,1,34.14,-4.42
CCN(CC)c1nc(Cl)nc(n1)N(CC)CC,1,257.769,0,1,6,45.15,-4.411
ClC(Cl)C(Cl)(Cl)SN2C(=O)C1CC=CCC1C2=O ,1,349.066,0,2,3,37.38,-5.4
c1(Br)c(Br)cc(Br)cc1,1,314.802,0,1,0,0,-4.5
OC3N=C(c1ccccc1)c2cc(Cl)ccc2NC3=O ,1,286.718,2,3,1,61.69,-3.952
O=C1NC(=O)NC(=O)C1(C(C)CCC)CC=C,1,238.287,2,1,5,75.27,-2.356
c1(O)c(C)ccc(C(C)C)c1,1,150.221,1,1,1,20.23,-2.08
C1SC(=S)NC1(=O),1,133.197,1,1,0,29.1,-1.77
Oc1ccc(c(O)c1)c3oc2cc(O)cc(O)c2c(=O)c3O ,1,302.238,5,3,1,131.36,-3.083
ClC1(C(=O)C2(Cl)C3(Cl)C14Cl)C5(Cl)C2(Cl)C3(Cl)C(Cl)(Cl)C45Cl,1,490.639,0,6,0,17.07,-5.259
CCN(CC)C(=S)SSC(=S)N(CC)CC,1,296.552,0,0,4,6.48,-4.86
C1CCCCC1,2,84.162,0,1,0,0,-3.1
ClC1=C(Cl)C(Cl)(C(=C1Cl)Cl)C2(Cl)C(=C(Cl)C(=C2Cl)Cl)Cl,1,474.64,0,2,1,0,-7.278
CN(C)C=Nc1ccc(Cl)cc1C,1,196.681,0,1,2,15.6,-2.86
CC34CCc1c(ccc2cc(O)ccc12)C3CCC4=O,1,266.34,1,4,0,37.3,-5.24
CCCCCCCCO,1,130.231,1,0,6,20.23,-2.39
CCSCC,1,90.191,0,0,2,0,-1.34
ClCCCl,1,98.96,0,0,1,0,-1.06
CCC(C)(C)Cl,1,106.596,0,0,1,0,-2.51
ClCCBr,1,143.411,0,0,1,0,-1.32
Nc1ccc(cc1)N(=O)=O,1,138.126,1,1,1,69.16,-2.37
OCC1OC(OC2C(O)C(O)C(O)OC2CO)C(O)C(O)C1O,1,342.297,8,2,4,189.53,-0.244
CCN2c1ncccc1N(CC)C(=O)c3cccnc23 ,1,268.32,0,3,2,49.33,-2.86
Clc1ccccc1,1,112.559,0,1,0,0,-2.38
CCCCCCCC=C,1,126.243,0,0,6,0,-5.05
Brc1ccc(I)cc1,1,282.906,0,1,0,0,-4.56
CCC(C)(O)CC,1,102.177,1,0,2,20.23,-0.36
CCCCCc1ccccc1,1,148.249,0,1,4,0,-4.64
NC(=O)NC1NC(=O)NC1=O ,1,158.117,4,1,1,113.32,-1.6
OCC(O)COC(=O)c1ccccc1Nc2ccnc3cc(Cl)ccc23,1,372.808,3,3,6,91.68,-4.571
ClC(Cl)C(c1ccc(Cl)cc1)c2ccc(Cl)cc2,1,320.046,0,2,3,0,-7.2
CC(=O)OC3CCC4C2CCC1=CC(=O)CCC1(C)C2CCC34C ,1,330.468,0,4,1,43.37,-5.184
Clc1cccc2ccccc12,1,162.619,0,2,0,0,-3.93
CCN2c1ccccc1N(C)C(=O)c3ccccc23 ,1,252.317,0,3,1,23.55,-4.749
CCCCC(C)O,1,102.177,1,0,3,20.23,-0.89
CCCC1CCCC1,1,112.216,0,1,2,0,-4.74
CCOC(=O)c1cncn1C(C)c2ccccc2,1,244.294,0,2,4,44.12,-4.735
Oc1ccc(Cl)c(Cl)c1,1,163.003,1,1,0,20.23,-1.25
CC1(C)C(C=C(Cl)Cl)C1C(=O)OC(C#N)c2cccc(Oc3ccccc3)c2,1,416.304,0,3,6,59.32,-8.017
c2ccc1ocnc1c2,2,119.123,0,2,0,26.03,-1.16
CCCCCO,1,88.15,1,0,3,20.23,-0.6
CCN(CC)c1ccccc1,1,149.237,0,1,3,3.24,-3.03
Fc1cccc(F)c1,1,114.094,0,1,0,0,-2
ClCCC#N ,1,89.525,0,0,1,23.79,-0.29
CC(C)(C)Cc1ccccc1,1,148.249,0,1,1,0,-4.15
O=C1NC(=O)NC(=O)C1(CC)c1ccccc1,1,232.239,2,2,2,75.27,-2.322
Clc1ccccc1I,1,238.455,0,1,0,0,-3.54
c2ccc1[nH]nnc1c2,2,119.127,1,2,0,41.57,-0.78
CNC(=O)Oc1cccc2CC(C)(C)Oc12,1,221.256,1,2,1,47.56,-2.8
Cc1cccc(C)c1O,1,122.167,1,1,0,20.23,-1.29
CC(C)C(C)O,1,88.15,1,0,1,20.23,-0.18
c1ccccc1C(O)c2ccccc2,1,184.238,1,2,2,20.23,-2.55
CCCCCCCCCC(=O)OC,1,186.295,0,0,8,26.3,-4.69
COP(=S)(OC)Oc1ccc(cc1Cl)N(=O)=O,1,297.656,0,1,5,70.83,-4.31
CC(C)CBr,1,137.02,0,0,1,0,-2.43
CCI,1,155.966,0,0,0,0,-1.6
CN(C)C(=O)Oc1nc(nc(C)c1C)N(C)C,1,238.291,0,1,2,58.56,-1.95
CCCCCCBr,1,165.074,0,0,4,0,-3.81
CCCC(C)C,1,86.178,0,0,2,0,-3.74
Cc1c(F)c(F)c(COC(=O)C2C(C=C(Cl)C(F)(F)F)C2(C)C)c(F)c1F,1,418.736,0,2,4,26.3,-7.321
CCc1cccc(C)c1N(C(C)COC)C(=O)CCl ,1,283.799,0,1,6,29.54,-2.73
ON=Cc1ccc(o1)N(=O)=O ,1,156.097,1,1,2,88.87,-2.19
CC(C)C(Nc1ccc(cc1Cl)C(F)(F)F)C(=O)OC(C#N)c2cccc(Oc3ccccc3)c2,1,502.92,1,3,8,71.35,-8.003
Nc1nc[nH]n1,1,84.082,2,1,0,67.59,0.522
BrC(Br)Br,1,252.731,0,0,0,0,-1.91
COP(=O)(OC)C(O)C(Cl)(Cl)Cl,1,257.437,1,0,3,55.76,-0.22
CCOP(=S)(OCC)SCn1c(=O)oc2cc(Cl)ccc12,1,367.816,0,2,7,53.6,-5.233
OCc1ccccc1,1,108.14,1,1,1,20.23,-0.4
O=c2c(C3CCCc4ccccc43)c(O)c1ccccc1o2 ,1,292.334,1,4,1,50.44,-2.84
Oc1ccc(Br)cc1,1,173.009,1,1,0,20.23,-1.09
CC(C)Br,1,122.993,0,0,0,0,-1.59
CC(C)CC(C)(C)C,1,114.232,0,0,1,0,-4.74
O=N(=O)c1cc(cc(c1)N(=O)=O)N(=O)=O,1,213.105,0,1,3,129.42,-2.89
CN2C(=O)CN=C(c1ccccc1)c3cc(ccc23)N(=O)=O,1,295.298,0,3,2,75.81,-3.796
CCC,1,44.097,0,0,0,0,-1.94
Nc1cc(nc(N)n1=O)N2CCCCC2 ,1,209.253,2,2,1,95.11,-1.989
Nc2cccc3nc1ccccc1cc23 ,1,194.237,1,3,0,38.91,-4.22
c1ccc2cc3c4cccc5cccc(c3cc2c1)c45,2,252.316,0,5,0,0,-8.49
OC(c1ccc(Cl)cc1)(c2ccc(Cl)cc2)C(Cl)(Cl)Cl,1,370.49,1,2,2,20.23,-5.666
C1Cc2cccc3cccc1c23,2,154.212,0,3,0,0,-4.63
CCOP(=S)(OCC)SC(CCl)N2C(=O)c1ccccc1C2=O,1,393.854,0,2,8,55.84,-6.34
Brc1ccc(Br)cc1,1,235.906,0,1,0,0,-4.07
Cn2c(=O)on(c1ccc(Cl)c(Cl)c1)c2=O,1,261.064,0,2,1,57.14,-2.82
Oc1ccc(cc1)c2ccccc2,1,170.211,1,2,1,20.23,-3.48
CC1=C(CCCO1)C(=O)Nc2ccccc2 ,1,217.268,1,2,2,38.33,-2.56
CCOC=C,1,72.107,0,0,2,9.23,-0.85
CCC#C,1,54.092,0,0,0,0,-1.24
COc1ncnc2nccnc12 ,1,162.152,0,2,1,60.79,-1.11
CCCCC(C)(O)CC,1,130.231,1,0,4,20.23,-1.6
Clc1ccc(Cl)cc1,1,147.004,0,1,0,0,-3.27
O=C1N(COC(=O)C)C(=O)C(N1)(c2ccccc2)c3ccccc3,1,324.336,1,3,4,75.71,-4.47
CSCS(=O)CC(CO)NC(=O)C=Cc1c(C)[nH]c(=O)[nH]c1=O,1,361.445,4,1,8,132.12,-1.981
Cc1c[nH]c2ccccc12 ,1,131.178,1,2,0,15.79,-2.42
COc2ncc1nccnc1n2,1,162.152,0,2,1,60.79,-1.11
CNC(=O)Oc1ccccc1C2OCCO2,1,223.228,1,2,2,56.79,-1.57
C1N(C(=O)NCC(C)C)C(=O)NC1,1,185.227,2,1,2,61.44,-2.15
CC#N,1,41.053,0,0,0,23.79,0.26
CCOC(=O)NCCOc2ccc(Oc1ccccc1)cc2,1,301.342,1,2,7,56.79,-4.7
CC(=O)N(S(=O)c1ccc(N)cc1)c2onc(C)c2C ,1,293.348,1,2,3,89.43,-3.59
ClCC(Cl)(Cl)Cl,1,167.85,0,0,0,0,-2.18
CCCCO,1,74.123,1,0,2,20.23,0
CC1CCCCC1NC(=O)Nc2ccccc2,1,232.327,2,2,2,41.13,-4.11
Clc1cc(Cl)cc(Cl)c1,1,181.449,0,1,0,0,-4.48
O=Cc1ccco1,1,96.085,0,1,1,30.21,-0.1
CC(C)CCO,1,88.15,1,0,2,20.23,-0.51
O=Cc2ccc1OCOc1c2 ,1,150.133,0,2,1,35.53,-1.63
CC(=C)C,1,56.108,0,0,0,0,-2.33
O=Cc1ccccc1,1,106.124,0,1,1,17.07,-1.19
CC(=C)C(=C)C,1,82.146,0,0,1,0,-2.4
CCOC(=O)CCN(SN(C)C(=O)Oc1cccc2CC(C)(C)Oc21)C(C)C,1,410.536,0,2,8,68.31,-4.71
O2c1ccccc1N(C)C(=O)c3cccnc23 ,1,226.235,0,3,0,42.43,-3.672
C1c2ccccc2c3ccccc13,2,166.223,0,3,0,0,-5
CC1CCCCC1,1,98.189,0,1,0,0,-3.85
NC(=N)NS(=O)(=O)c1ccc(N)cc1 ,1,214.25,4,1,2,122.06,-1.99
COC(=O)c1ccc(O)cc1,1,152.149,1,1,1,46.53,-1.827
CC1CCCO1,1,86.134,0,1,0,9.23,0.11
CC3C2CCC1(C)C=CC(=O)C(=C1C2OC3=O)C,1,246.306,0,3,0,43.37,-3.09
OCC2OC(Oc1ccccc1CO)C(O)C(O)C2O,1,286.28,5,2,4,119.61,-0.85
CCCI,1,169.993,0,0,1,0,-2.29
CCNc1nc(NC(C)C)nc(SC)n1,1,227.337,2,1,5,62.73,-3.04
CCCO,1,60.096,1,0,1,20.23,0.62
CC(=O)C1(O)CCC2C3CCC4=CC(=O)CCC4(C)C3CCC21C,1,330.468,1,4,1,54.37,-3.817
CCCC(C)O,1,88.15,1,0,2,20.23,-0.29
OC(C(=O)c1ccccc1)c2ccccc2,1,212.248,1,2,3,37.3,-2.85
Cc1ccc(O)c(C)c1,1,122.167,1,1,0,20.23,-1.19
Clc1cccc(c1)N(=O)=O,1,157.556,0,1,1,43.14,-2.77
Cc2c(N)c(=O)n(c1ccccc1)n2C,1,203.245,1,2,1,52.95,-0.624
Clc1ccc(c(Cl)c1)c2cc(Cl)ccc2Cl ,1,291.992,0,2,1,0,-6.57
ClC(=C(Cl)C(=C(Cl)Cl)Cl)Cl,1,260.762,0,0,1,0,-4.92
CCNc1nc(NC(C)(C)C)nc(SC)n1,1,241.364,2,1,4,62.73,-4
CCC(C)CCO,1,102.177,1,0,3,20.23,-0.71
Cc2ncc1nccnc1n2,1,146.153,0,2,0,51.56,-0.12
CC23Cc1cnoc1C=C2CCC4C3CCC5(C)C4CCC5(O)C#C,1,337.463,1,5,0,46.26,-5.507
CCCCI,1,184.02,0,0,2,0,-2.96
Brc1ccc2ccccc2c1,1,207.07,0,2,0,0,-4.4
CC1OC(CC(O)C1O)OC2C(O)CC(OC2C)OC8C(O)CC(OC7CCC3(C)C(CCC4C3CC(O)C5(C)C(CCC45O)C6=CC(=O)OC6)C7)OC8C ,1,780.949,6,8,7,203.06,-4.081
FC(F)(F)c1ccccc1,1,146.111,0,1,0,0,-2.51
CCCCCCOC(=O)c1ccccc1C(=O)OCCCCCC,1,334.456,0,1,12,52.6,-6.144
c1ccc2c(c1)sc3ccccc23,2,184.263,0,3,0,0,-4.38
Clc1ccc(c(Cl)c1)c2ccc(Cl)c(Cl)c2Cl ,1,326.437,0,2,1,0,-7.8
Clc1ccc(c(Cl)c1Cl)c2ccc(Cl)c(Cl)c2Cl ,1,360.882,0,2,1,0,-8.01
CC(=O)CC(c1ccccc1)c3c(O)c2ccccc2oc3=O ,1,308.333,1,3,4,67.51,-3.893
c1ccccc1C(O)C(O)c2ccccc2,1,214.264,2,2,3,40.46,-1.93
COC(=O)c1ccccc1C(=O)OC,1,194.186,0,1,2,52.6,-1.66
CCCCCCCC(=O)OCC,1,172.268,0,0,7,26.3,-3.39
CCSSCC,1,122.258,0,0,3,0,-2.42
CCOCCOCC,1,118.176,0,0,5,18.46,-0.77
Clc1cc(Cl)c(Cl)cc1Cl,1,215.894,0,1,0,0,-5.56
Nc1ccc(cc1)c2ccc(N)cc2,1,184.242,2,2,1,52.04,-2.7
CCCCCC=C,1,98.189,0,0,4,0,-3.73
CCCCc1c(C)nc(NCC)[nH]c1=O,1,209.293,2,1,5,57.78,-3.028
O=C1NC(=O)NC(=O)C1(CC)C(C)CCC,1,226.276,2,1,4,75.27,-2.39
Nc1ccccc1Cl,1,127.574,1,1,0,26.02,-1.52
COc1cccc(Cl)c1,1,142.585,0,1,1,9.23,-2.78
CCCCN(CC)C(=O)SCCC,1,203.351,0,0,6,20.31,-3.53
CCCCOC=O,1,102.133,0,0,4,26.3,-1.37
CC12CC(O)C3C(CCC4=CC(=O)C=CC34C)C2CCC1(O)C(=O)CO,1,360.45,3,4,2,94.83,-3.18
BrC(Cl)Cl,1,163.829,0,0,0,0,-1.54
CC34CC(=O)C1C(CCC2=CC(=O)CCC12C)C3CCC4(=O) ,1,300.398,0,4,0,51.21,-3.48
c1ccc(cc1)c2ccc(cc2)c3ccccc3,2,230.31,0,3,2,0,-7.11
Oc1ccc(C=O)cc1,1,122.123,1,1,1,37.3,-0.96
CBr,1,94.939,0,0,0,0,-0.79
Cc1cc(ccc1NS(=O)(=O)C(F)(F)F)S(=O)(=O)c2ccccc2,1,379.381,1,2,4,80.31,-3.8
CC(=O)CC(c1ccc(Cl)cc1)c2c(O)c3ccccc3oc2=O,1,342.778,1,3,4,67.51,-5.839
CCc1ccc2ccccc2c1,1,156.228,0,2,1,0,-4.29
Nc1c(C)c[nH]c(=O)n1 ,1,125.131,2,1,0,71.77,-1.458
Clc2c(Cl)c(Cl)c(c1ccccc1)c(Cl)c2Cl ,1,326.437,0,2,1,0,-7.92
c1c(NC(=O)c2ccccc2(I))cccc1,1,323.133,1,2,2,29.1,-4.21
Cc3cc2nc1c(=O)[nH]c(=O)nc1n(CC(O)C(O)C(O)CO)c2cc3C,1,376.369,5,3,5,161.56,-3.685
Fc1ccccc1Br,1,175,0,1,0,0,-2.7
Oc1ccc(Cl)cc1Cl,1,163.003,1,1,0,20.23,-1.55
CC1(C)C(C=C(Cl)Cl)C1C(=O)OCc2cccc(Oc3ccccc3)c2,1,391.294,0,3,6,35.53,-6.291
CN2C(=C(O)c1ccccc1S2(=O)=O)C(=O)Nc3ccccn3 ,1,331.353,2,3,2,99.6,-4.16
O=C1N(COC(=O)CC)C(=O)C(N1)(c2ccccc2)c3ccccc3,1,338.363,1,3,5,75.71,-4.907
C1CCCC1,2,70.135,0,1,0,0,-2.64
Cc1ccccc1N,1,107.156,1,1,0,26.02,-2.21
c1(OC)ccc(CC=C)cc1,1,148.205,0,1,3,9.23,-2.92
CN(C)C(=O)Nc1cccc(OC(=O)NC(C)(C)C)c1 ,1,279.34,2,1,2,70.67,-2.93
CC(C)C=C,1,70.135,0,0,1,0,-2.73
Oc1ccccn1,1,95.101,1,1,0,33.12,1.02
CC,1,30.07,0,0,0,0,-1.36
Clc1ccccc1Cl,1,147.004,0,1,0,0,-3.05
Sc2nc1ccccc1s2 ,1,167.258,1,2,0,12.89,-3.18
Clc1c(Cl)c(Cl)c(c(Cl)c1Cl)c2c(Cl)c(Cl)c(Cl)c(Cl)c2Cl ,1,498.662,0,2,1,0,-11.6
COc2c1occc1cc3ccc(=O)oc23 ,1,216.192,0,3,1,52.58,-3.664
CC(=O)N,1,59.068,1,0,0,43.09,1.58
Cc1cccc2ccccc12,1,142.201,0,2,0,0,-3.7
CCN(CC)C(=O)C(C)Oc1cccc2ccccc12 ,1,271.36,0,2,5,29.54,-3.57
CC(O)C(C)(C)C,1,102.177,1,0,0,20.23,-0.62
CCCC(=O)OCC,1,116.16,0,0,3,26.3,-1.36
CC2=CC(=O)c1ccccc1C2=O ,1,172.183,0,2,0,34.14,-3.03
c1ccc2c(c1)ccc3ccccc32,2,178.234,0,3,0,0,-5.26
Cc1ccnc(C)c1,1,107.156,0,1,0,12.89,0.38
CCCCCCCCCO,1,144.258,1,0,7,20.23,-3.01
BrCBr,1,173.835,0,0,0,0,-1.17
CC1CC2C3CCC4=CC(=O)C=CC4(C)C3(F)C(O)CC2(C)C1(O)C(=O)CO,1,392.467,3,4,2,94.83,-3.59
Cc1ccc2cc(C)ccc2c1,1,156.228,0,2,0,0,-4.89
CCSC(=O)N(CC(C)C)CC(C)C,1,217.378,0,0,5,20.31,-3.68
O=N(=O)OCC(CON(=O)=O)ON(=O)=O ,1,227.085,0,0,8,157.11,-2.22
Nc1cccc(c1)N(=O)=O,1,138.126,1,1,1,69.16,-2.19
CCCCCl,1,92.569,0,0,2,0,-2.03
ClC(Cl)(Cl)C(NC=O)N1C=CN(C=C1)C(NC=O)C(Cl)(Cl)Cl ,1,430.934,2,1,6,64.68,-4.19
Cn2cc(c1ccccc1)c(=O)c(c2)c3cccc(c3)C(F)(F)F,1,329.321,0,3,2,22,-4.445
Nc3cc2c1ccccc1ccc2c4ccccc34 ,1,243.309,1,4,0,26.02,-6.2
CC12CCC3C(CCc4cc(O)ccc34)C2CCC1=O,1,270.372,1,4,0,37.3,-3.955
CCN2c1ccccc1N(C)C(=S)c3cccnc23 ,1,269.373,0,3,1,19.37,-4.706
CC1CO1,1,58.08,0,1,0,12.53,-0.59
O=C3CN=C(c1ccccc1)c2cc(ccc2N3)N(=O)=O,1,281.271,1,3,2,84.6,-3.796
CCNC(=S)NCC,1,132.232,2,0,2,24.06,-1.46
Oc1cc(Cl)cc(Cl)c1Cl,1,197.448,1,1,0,20.23,-2.67
CCCCC(=O)OC,1,116.16,0,0,3,26.3,-1.34
Nc1ccccc1,1,93.129,1,1,0,26.02,-0.41
Cc1cccc2c(C)cccc12,1,156.228,0,2,0,0,-4.679
NS(=O)(=O)c2cc1c(NCNS1(=O)=O)cc2Cl ,1,297.745,3,2,1,118.36,-2.63
C1=Cc2cccc3cccc1c23,2,152.196,0,3,0,0,-3.96
CCCCCOC(=O)CC,1,144.214,0,0,5,26.3,-1.28
CCNc1nc(NC(C)C)nc(OC)n1,1,211.269,2,1,5,71.96,-2.084
c1ccc2c(c1)cc3ccc4cccc5ccc2c3c45,2,252.316,0,5,0,0,-8.699
CCBr,1,108.966,0,0,0,0,-1.09
CCC#CCC,1,82.146,0,0,0,0,-1.99
CC1OC(CC(O)C1O)OC2C(O)CC(OC2C)OC8C(O)CC(OC7CCC3(C)C(CCC4C3CCC5(C)C(CCC45O)C6=CC(=O)OC6)C7)OC8C ,1,764.95,5,8,7,182.83,-5.293
CCC(=C)C,1,70.135,0,0,1,0,-2.73
Oc1cccc2cccnc12 ,1,145.161,1,2,0,33.12,-2.42
C1CCc2ccccc2C1,2,132.206,0,2,0,0,-4.37
Oc1ccc(cc1)C2(OC(=O)c3ccccc23)c4ccc(O)cc4 ,1,318.328,2,4,2,66.76,-2.9
Brc1cc(Br)cc(Br)c1,1,314.802,0,1,0,0,-5.6
COP(=S)(OC)Oc1cc(Cl)c(Cl)cc1Cl,1,321.549,0,1,4,27.69,-5.72
Cc1cc(=O)[nH]c(=S)[nH]1,1,142.183,2,1,0,48.65,-2.436
COc1cc(CC=C)ccc1O,1,164.204,1,1,3,29.46,-1.56
O=C1NC(=O)NC(=O)C1(C(C)C)CC=C,1,210.233,2,1,3,75.27,-1.708
c1cc2ccc3cccc4ccc(c1)c2c34,2,202.256,0,4,0,0,-6.176
CCOC(C)OCC,1,118.176,0,0,4,18.46,-0.43
CC1(C)CON(Cc2ccccc2Cl)C1=O,1,239.702,0,2,2,29.54,-2.338
CCCCOCCO,1,118.176,1,0,5,29.46,-0.42
Clc1c(Cl)c(Cl)c(N(=O)=O)c(Cl)c1Cl,1,295.336,0,1,1,43.14,-5.82
CC12CCC(O)CC1CCC3C2CCC4(C)C3CCC4=O,1,290.447,1,4,0,37.3,-4.402
FC(F)(F)c1cccc(c1)N2CC(CCl)C(Cl)C2=O,1,312.118,0,2,2,20.31,-4.047
c1ccc2ncccc2c1,2,129.162,0,2,0,12.89,-1.3
COC(=O)c1cc(O)c(O)c(O)c1 ,1,184.147,3,1,1,86.99,-1.24
OC(Cn1cncn1)(Cn2cncn2)c3ccc(F)cc3F ,1,306.276,1,3,5,81.65,-1.8
Clc2ccc1oc(=O)[nH]c1c2,1,169.567,1,2,0,46,-2.831
Clc1ccc(c(Cl)c1)c2c(Cl)c(Cl)c(Cl)c(Cl)c2Cl,1,395.327,0,2,1,0,-7.92
O=C1NC(=O)C(=O)C(=O)N1 ,1,142.07,2,1,0,92.34,-1.25
ClCCCCl,1,112.987,0,0,2,0,-1.62
Fc1cccc(Br)c1,1,175,0,1,0,0,-2.67
Clc1ccc(Br)cc1,1,191.455,0,1,0,0,-3.63
CC(C)C(C)C,1,86.178,0,0,1,0,-3.65
CCC=C,1,56.108,0,0,1,0,-1.94
Clc1ccc(Cl)c(c1)c2cc(Cl)c(Cl)c(Cl)c2Cl,1,360.882,0,2,1,0,-7.68
Nc1cc[nH]c(=O)n1 ,1,111.104,2,1,0,71.77,-1.155
FC(F)(Cl)C(F)(Cl)Cl,1,187.375,0,0,1,0,-3.04
CCC#N,1,55.08,0,0,0,23.79,0.28
ClC(Cl)C(c1ccc(Cl)cc1)c2ccccc2Cl ,1,320.046,0,2,3,0,-6.51
COc1ccccc1N(=O)=O,1,153.137,0,1,2,52.37,-1.96
CC34CCC1C(CC=C2CC(O)CCC12C)C3CCC4=O,1,288.431,1,4,0,37.3,-4.12
CC12CC2(C)C(=O)N(C1=O)c3cc(Cl)cc(Cl)c3,1,284.142,0,3,1,37.38,-4.8
c1cc2ccc3ccc4ccc5cccc6c(c1)c2c3c4c56,2,276.338,0,6,0,0,-9.018
CCC(C)c1cc(cc(N(=O)=O)c1O)N(=O)=O ,1,240.215,1,1,4,106.51,-3.38
c1c(OC)c(OC)C2C(=O)OCC2c1,1,196.202,0,2,2,44.76,-1.899
OCC(O)CO,1,92.094,3,0,2,60.69,1.12
COc1ccccc1O ,1,124.139,1,1,1,29.46,-1.96
CCOP(=S)(OCC)Oc1nc(Cl)c(Cl)cc1Cl ,1,350.591,0,1,6,40.58,-5.67
Cc1c2ccccc2cc3ccccc13,1,192.261,0,3,0,0,-5.89
Cc1cc(=O)n(c2ccccc2)n1C,1,188.23,0,2,1,26.93,0.715
CCCCOC,1,88.15,0,0,3,9.23,-0.99
Cc2cnc1cncnc1n2,1,146.153,0,2,0,51.56,-0.854
CCNc1nc(Cl)nc(NCC)n1 ,1,201.661,2,1,4,62.73,-4.55
CN(C)C(=O)C,1,87.122,0,0,0,20.31,1.11
CSc1nc(nc(n1)N(C)C)N(C)C,1,213.31,0,1,3,45.15,-2.676
C=C,1,28.054,0,0,0,0,-0.4
CC(C)(C)CCO,1,102.177,1,0,1,20.23,-0.5
O=C1NC(=O)NC(=O)C1(CC)CC=C,1,196.206,2,1,3,75.27,-1.614
Oc1ccc(Cl)c(Cl)c1Cl,1,197.448,1,1,0,20.23,-2.67
COc1ccccc1,1,108.14,0,1,1,9.23,-1.85
c1ccc(Cl)cc1C(c2ccc(Cl)cc2)(O)C(=O)OC(C)C,1,339.218,1,2,4,46.53,-4.53
CC13CCC(=O)C=C1CCC4C2CCC(C(=O)CO)C2(CC(O)C34)C=O ,1,360.45,2,4,3,91.67,-3.85
COc2ccc(Oc1ccc(NC(=O)N(C)C)cc1)cc2,1,286.331,1,2,4,50.8,-4.16
CCc1ccc(C)cc1,1,120.195,0,1,1,0,-3.11
CC(C)SC(C)C,1,118.245,0,0,2,0,-2.24
O=N(=O)c1cccc(c1)N(=O)=O,1,168.108,0,1,2,86.28,-2.29
CCOP(=S)(OCC)SCSP(=S)(OCC)OCC,1,384.487,0,0,12,36.92,-5.54
CCC1(C(C)C)C(=O)NC(=O)NC1=O ,1,198.222,2,1,2,75.27,-2.21
CC(=O)OCC(=O)C3(O)CCC4C2CCC1=CC(=O)CCC1(C)C2C(=O)CC34C ,1,402.487,1,4,3,97.74,-4.21
Cc1ncc(N(=O)=O)n1CCO,1,171.156,1,1,3,81.19,-1.22
Nc1ccc(Cl)cc1,1,127.574,1,1,0,26.02,-1.66
CCCC(C)(C)CO,1,116.204,1,0,3,20.23,-1.52
c1ccoc1,2,68.075,0,1,0,13.14,-0.82
COCCCNc1nc(NC(C)C)nc(SC)n1,1,271.39,2,1,8,71.96,-2.928
CN(C)C(=O)NC1CC2CC1C3CCCC23,1,222.332,1,3,1,32.34,-3.171
CC(C)(C)c1ccccc1,1,134.222,0,1,0,0,-3.66
CC(=O)CCC1C(=O)N(N(C1=O)c2ccccc2)c3ccccc3,1,322.364,0,3,5,57.69,-3.27
CC(=O)OCC(=O)C3(O)CCC4C2CCC1=CC(=O)C=CC1(C)C2C(O)CC34C ,1,402.487,2,4,3,100.9,-4.37
CCCOC,1,74.123,0,0,2,9.23,-0.39
CC(C)OC(=O)C,1,102.133,0,0,1,26.3,-0.55
Brc1ccccc1,1,157.01,0,1,0,0,-2.55
CCOC(=O)c1ccc(O)cc1,1,166.176,1,1,2,46.53,-2.35
O=C1N(COC(=O)CCC)C(=O)C(N1)(c2ccccc2)c3ccccc3,1,352.39,1,3,6,75.71,-5.071
CCC(=O)OC3CCC4C2CCC1=CC(=O)CCC1(C)C2CCC34C ,1,344.495,0,4,2,43.37,-5.37
c1cc2ccc3ccc4ccc5ccc6ccc1c7c2c3c4c5c67,2,300.36,0,7,0,0,-9.332
O=c1[nH]cnc2[nH]ncc12 ,1,136.114,2,2,0,74.43,-2.266
ClC=C,1,62.499,0,0,0,0,-1.75
CN(C)C(=O)C(c1ccccc1)c2ccccc2 ,1,239.318,0,2,3,20.31,-2.98
BrC(Br)(Br)Br,1,331.627,0,0,0,0,-3.14
CCN2c1cc(N(C)C)cc(C)c1NC(=O)c3cccnc23 ,1,296.374,1,3,2,48.47,-4.871
O=C1NC(=O)c2ccccc12 ,1,147.133,1,2,0,46.17,-2.61
OC(c1ccc(Cl)cc1)(c2cncnc2)c3ccccc3Cl,1,331.202,1,3,3,46.01,-4.38
COC(=O)c1ccccc1,1,136.15,0,1,1,26.3,-1.85
Cn1ccc(=O)[nH]c1=O,1,126.115,1,1,0,54.86,-0.807
CCCCC1C(=O)N(N(C1=O)c2ccc(O)cc2)c3ccccc3 ,1,324.38,1,3,5,60.85,-3.73
Clc1ccc(Cl)c(c1)c2cccc(Cl)c2Cl ,1,291.992,0,2,1,0,-6.47
CCC2NC(=O)c1cc(c(Cl)cc1N2)S(N)(=O)=O,1,289.744,3,2,2,101.29,-3.29
CN(C)C(=O)Nc1ccc(Cl)c(Cl)c1,1,233.098,1,1,1,32.34,-3.8
C1CC=CC1,2,68.119,0,1,0,0,-2.1
C1(=O)NC(=O)NC(=O)C1(O)C2(O)C(=O)NC(=O)NC2(=O),1,286.156,6,2,1,191,-1.99
CCCCCCCCC,1,128.259,0,0,6,0,-5.88
Oc1ccccc1Cl,1,128.558,1,1,0,20.23,-1.06
c1cccc2c3c(C)cc4ccccc4c3ccc12,1,242.321,0,4,0,0,-6.59
CCOc1ccccc1,1,122.167,0,1,2,9.23,-2.33
CCOC(=O)C=Cc1ccccc1,1,176.215,0,1,3,26.3,-3
Cc1[nH]c(=O)n(c(=O)c1Cl)C(C)(C)C,1,216.668,1,1,0,54.86,-2.484
Clc1ccccc1C2=NCC(=O)Nc3ccc(cc23)N(=O)=O,1,315.716,1,3,2,84.6,-3.499
Cc1ccc(cc1)S(=O)(=O)N,1,171.221,1,1,1,60.16,-1.74
CC(OC(=O)Nc1cccc(Cl)c1)C#C,1,223.659,1,1,2,38.33,-2.617
CCCCCC(C)C,1,114.232,0,0,4,0,-5.08
CC1(C)C(C=C(Cl)C(F)(F)F)C1C(=O)OC(C#N)c2cccc(Oc3ccccc3)c2,1,449.856,0,3,6,59.32,-8.176
CCCC1C(=O)N3N(C1=O)c2cc(C)ccc2N=C3N(C)C ,1,300.362,0,3,2,56.22,-3.538
CN2C(=O)CN=C(c1ccccc1)c3cc(Cl)ccc23,1,284.746,0,3,1,32.67,-3.754
CCC(O)C(C)C,1,102.177,1,0,2,20.23,-0.7
CCOP(=S)(OCC)Oc1ccc(cc1)S(C)=O ,1,308.361,0,1,7,44.76,-2.3
CC1(C)C2CCC1(C)C(O)C2,1,154.253,1,2,0,20.23,-2.32
CC12CCC3C(CCC4=CC(=O)CCC34C)C2CCC1O,1,288.431,1,4,0,37.3,-4.02
CCCCCCC,1,100.205,0,0,4,0,-4.53
Oc1cccc2ccccc12,1,144.173,1,2,0,20.23,-2.22
C/C1CCCCC1\C,1,112.216,0,1,0,0,-4.3
COc2cc1c(N)nc(nc1c(OC)c2OC)N3CCN(CC3)C(=O)OCC(C)(C)O ,1,435.481,2,3,6,132.5,-3.638
C1Cc2c3c1cccc3cc4c2ccc5ccccc54,2,254.332,0,5,0,0,-7.85
CC(=O)C3(C)CCC4C2C=C(C)C1=CC(=O)CCC1(C)C2CCC34C,1,340.507,0,4,1,34.14,-5.27
CCCCCC(=O)C,1,114.188,0,0,4,17.07,-1.45
COP(=O)(NC(C)=O)SC ,1,183.169,1,0,3,55.4,0.54
CCCCSP(=O)(SCCCC)SCCCC,1,314.522,0,0,12,17.07,-5.14
c1cC2C(=O)NC(=O)C2cc1,1,149.149,1,2,0,46.17,-2.932
NS(=O)(=O)c2cc1c(NC(NS1(=O)=O)C(Cl)Cl)cc2Cl ,1,380.662,3,2,2,118.36,-2.68
CC=C(C)C,1,70.135,0,0,0,0,-2.56
Cc1ccc(C)c(C)c1,1,120.195,0,1,0,0,-3.31
Oc1cc(Cl)c(Cl)cc1Cl,1,197.448,1,1,0,20.23,-2.21
c1ccc2c(c1)cnc3ccccc23 ,2,179.222,0,3,0,12.89,-2.78
CCCC(C)(O)CC,1,116.204,1,0,3,20.23,-0.98
CCCCCCCC,1,114.232,0,0,5,0,-5.24
c1ccc2cc3ccccc3cc2c1,2,178.234,0,3,0,0,-6.35
NNc1ccccc1,1,108.144,2,1,1,38.05,0.07
CCC=O,1,58.08,0,0,1,17.07,0.58
C1CCCCCCC1,2,112.216,0,1,0,0,-4.15
O=C1NC(=O)NC(=O)C1(CC=C)CC=C,1,208.217,2,1,4,75.27,-2.077
ClC(Cl)Cl,1,119.378,0,0,0,0,-1.17
Sc1nccc(=O)[nH]1 ,1,128.156,2,1,0,45.75,-2.273
Clc1ccc(CN(C2CCCC2)C(=O)Nc3ccccc3)cc1,1,328.843,1,3,4,32.34,-5.915
CC1=CCCCC1,1,96.173,0,1,0,0,-3.27
CCCCC(CC)C=O,1,128.215,0,0,5,17.07,-2.13
COc2c1occc1c(OC)c3c(=O)cc(C)oc23 ,1,260.245,0,3,2,61.81,-3.021
O=C1NC(=O)NC(=O)C1(CC)CCC(C)C,1,226.276,2,1,4,75.27,-2.658
c1ccc2c3c(ccc2c1)c4cccc5cccc3c45,2,252.316,0,5,0,0,-8
CCC(CC)C=O,1,100.161,0,0,3,17.07,-1.52
CCCOCCC,1,102.177,0,0,4,9.23,-1.62
CCCCCCCCCCCCCCO,1,214.393,1,0,12,20.23,-5.84
Oc1c(Cl)ccc(Cl)c1Cl,1,197.448,1,1,0,20.23,-2.64
NC(=O)N,1,60.056,2,0,0,69.11,0.96
CCCC#C,1,68.119,0,0,1,0,-1.64
Brc1cccc(Br)c1,1,235.906,0,1,0,0,-3.54
CCCCCCCCCCCCCCCCCCO,1,270.501,1,0,16,20.23,-8.4
CC(=O)Nc1ccccc1,1,135.166,1,1,1,29.1,-1.33
c1cc(O)c(O)c2OCC3(O)CC4=CC(=O)C(O)=CC4=C3c21,1,300.266,4,4,0,107.22,-2.7
c1nccc(C(=O)NN)c1,1,137.142,2,1,1,68.01,0.009
OC1C=CC2C1C3(Cl)C(=C(Cl)C2(Cl)C3(Cl)Cl)Cl ,1,354.875,1,3,0,20.23,-5.46
CC(C)CCOC=O,1,116.16,0,0,4,26.3,-1.52
CC(=O)c1ccccc1,1,120.151,0,1,1,17.07,-1.28
c2ccc1nc(ccc1c2)c4ccc3ccccc3n4 ,2,256.308,0,4,1,25.78,-5.4
CCOP(=O)(OCC)OCC,1,182.156,0,0,6,44.76,0.43
CC2(C)C1CCC(C)(C1)C2=O,1,152.237,0,2,0,17.07,-1.85
COc2cnc1cncnc1n2,1,162.152,0,2,1,60.79,-0.91
ClC2=C(Cl)C3(Cl)C1C=CCC1C2(Cl)C3(Cl)Cl ,1,338.876,0,3,0,0,-5.64
CC(C)N(=O)=O,1,89.094,0,0,1,43.14,-0.62
c1ccc2c(c1)[nH]c3ccccc32,2,167.211,1,3,0,15.79,-5.27
OCC(O)C(O)CO,1,122.12,4,0,3,80.92,0.7
CCCOC(=O)c1ccc(N)cc1,1,179.219,1,1,3,52.32,-2.452
CNC(=O)C=C(C)OP(=O)(OC)OC,1,223.165,1,0,5,73.86,0.651
O=C1CCC(=O)N1,1,99.089,1,1,0,46.17,0.3
CCC(C)C(C)C,1,100.205,0,0,2,0,-4.28
CCCCc1c(C)nc(NCC)nc1OS(=O)(=O)N(C)C ,1,316.427,1,1,8,84.42,-4.16
CCN2c1ncccc1N(C)C(=S)c3cccnc23 ,1,270.361,0,3,1,32.26,-4.634
O2c1ccccc1N(CC)C(=O)c3ccccc23 ,1,239.274,0,3,1,29.54,-3.68
C1CCOCC1,2,86.134,0,1,0,9.23,-0.03
CCCCCC#C,1,96.173,0,0,3,0,-3.01
c1cc2ccc(OC)c(CC=C(C)(C))c2oc1=O ,1,244.29,0,2,3,39.44,-4.314
c1cc(C)cc2c1c3cc4cccc5CCc(c45)c3cc2,1,268.359,0,5,0,0,-7.92
CCOC(=O)c1ccccc1,1,150.177,0,1,2,26.3,-2.32
ClCC(C)C,1,92.569,0,0,1,0,-2
CC34CCC1C(CCc2cc(O)ccc12)C3CCC4(O)C#C ,1,296.41,2,4,0,40.46,-4.3
CCCCCCCCCCCC(=O)OC,1,214.349,0,0,10,26.3,-4.69
CCCSCCC,1,118.245,0,0,4,0,-2.58
c1ccc2cc3cc4ccccc4cc3cc2c1,2,228.294,0,4,0,0,-8.6
CCCCCBr,1,151.047,0,0,3,0,-3.08
CCCC/C=C/C,1,98.189,0,0,3,0,-3.82
Cc1ncc(N(=O)=O)n1CCO ,1,171.156,1,1,3,81.19,-1.26
CCCCCC1CCCC1,1,140.27,0,1,4,0,-6.08
Clc1ccc(Cl)c(c1)c2c(Cl)c(Cl)cc(Cl)c2Cl ,1,360.882,0,2,1,0,-7.42
O=C1NC(=O)NC(=O)C1(CC)C(C)C,1,198.222,2,1,2,75.27,-2.148
CC(Cl)(Cl)Cl,1,133.405,0,0,0,0,-2
CON(C)C(=O)Nc1ccc(Cl)cc1,1,214.652,1,1,2,41.57,-2.57
O=C2NC(=O)C1(CCCCC1)C(=O)N2,1,196.206,2,2,0,75.27,-3.06
CN(C)C(=O)OC1=CC(=O)CC(C)(C)C1 ,1,211.261,0,1,1,46.61,-0.85
Cc1ccc(Br)cc1,1,171.037,0,1,0,0,-3.19
CCOCC,1,74.123,0,0,2,9.23,-0.09
CC(C)NC(=O)N1CC(=O)N(C1=O)c2cc(Cl)cc(Cl)c2,1,330.171,1,2,2,69.72,-4.376
CCCCN(CC)c1c(cc(cc1N(=O)=O)C(F)(F)F)N(=O)=O,1,335.282,0,1,7,89.52,-5.53
Cc1cc(C)c(O)c(C)c1,1,136.194,1,1,0,20.23,-2.05
c1ccccc1,2,78.114,0,1,0,0,-1.64
Clc1ccc(I)cc1,1,238.455,0,1,0,0,-4.03
COc1ccc(NC(=O)N(C)C)cc1Cl,1,228.679,1,1,2,41.57,-2.564
CC(C)N(C(=O)CCl)c1ccccc1 ,1,211.692,0,1,3,20.31,-2.48
C=Cc1ccccc1,1,104.152,0,1,1,0,-2.82
COCOC,1,76.095,0,0,2,18.46,0.48
Cc1ccccc1C,1,106.168,0,1,0,0,-2.8
CCC(C)O,1,74.123,1,0,1,20.23,0.47
Oc1ccc(O)cc1,1,110.112,2,1,0,40.46,-0.17
CC34CCC1C(CCc2cc(O)ccc12)C3CC(O)C4O ,1,288.387,3,4,0,60.69,-4.955
C1c2ccccc2c3cc4ccccc4cc13,2,216.283,0,4,0,0,-8.04
O=C1CNC(=O)N1 ,1,100.077,2,1,0,58.2,-0.4
c1(O)cc(O)ccc1CCCCCC,1,194.274,2,1,5,40.46,-2.59
C=CCS(=O)SCC=C,1,162.279,0,0,5,17.07,-0.83
CCOP(=S)(OCC)Oc2ccc1oc(=O)c(Cl)c(C)c1c2,1,362.771,0,2,6,57.9,-5.382
Cc1c(C)c2c3ccccc3ccc2c4ccccc14,1,256.348,0,4,0,0,-7.01
CCCCC(=O)OC3(C(C)CC4C2CCC1=CC(=O)C=CC1(C)C2(F)C(O)CC34C)C(=O)CO,1,476.585,2,4,6,100.9,-4.71
O=c2[nH]c(=O)c1[nH]c(=O)[nH]c1[nH]2 ,1,168.112,4,2,0,114.37,-3.93
Oc1c(Cl)cc(Cl)c(Cl)c1Cl,1,231.893,1,1,0,20.23,-3.1
Clc1cccc(Cl)c1,1,147.004,0,1,0,0,-3.04
Clc1ccc(cc1)C(c2ccc(Cl)cc2)C(Cl)(Cl)Cl,1,354.491,0,2,2,0,-7.15
CC(C)COC=O,1,102.133,0,0,3,26.3,-1.01
c1ccccc1SC,1,124.208,0,1,1,0,-2.39
CCN2c1nc(C)cc(C(F)(F)F)c1NC(=O)c3cccnc23 ,1,322.29,1,3,1,58.12,-4.207
CCCCCC,1,86.178,0,0,3,0,-3.84
COC(=O)c1cccnc1 ,1,137.138,0,1,1,39.19,-0.46
NS(=O)(=O)c3cc2c(NC(Cc1ccccc1)NS2(=O)=O)cc3C(F)(F)F,1,421.422,3,3,3,118.36,-3.59
Clc1ccc(cc1Cl)c2cc(Cl)c(Cl)c(Cl)c2Cl ,1,360.882,0,2,1,0,-7.82
CC1(OC(=O)N(C1=O)c2cc(Cl)cc(Cl)c2)C=C,1,286.114,0,2,2,46.61,-4.925
CCNc1nc(Cl)nc(NC(C)(C)C#N)n1,1,240.698,2,1,4,86.52,-3.15
c1ccc2c(c1)c3ccccc3c4ccccc24,2,228.294,0,4,0,0,-6.726
CC=C(C(=CC)c1ccc(O)cc1)c2ccc(O)cc2,1,266.34,2,2,3,40.46,-4.95
CCCCC(CC)COC(=O)c1ccccc1C(=O)OCC(CC)CCCC,1,390.564,0,1,14,52.6,-6.96
CCc1ccccn1,1,107.156,0,1,1,12.89,0.51
COP(=O)(OC)OC(Br)C(Cl)(Cl)Br,1,380.784,0,0,5,44.76,-2.28
c1ccc(cc1)c2ccccc2,2,154.212,0,2,1,0,-4.345
Clc1cc(Cl)c(c(Cl)c1)c2c(Cl)cc(Cl)cc2Cl ,1,360.882,0,2,1,0,-8.71
CN(C)c1nc(nc(n1)N(C)C)N(C)C,1,210.285,0,1,3,48.39,-3.364
CC(C)CC(C)(C)O,1,116.204,1,0,2,20.23,-0.92
O=C2NC(=O)C1(CCCCCC1)C(=O)N2 ,1,210.233,2,2,0,75.27,-3.168
OCC1OC(O)(CO)C(O)C1O,1,180.156,5,1,2,110.38,0.64
Cc1cc(C)cc(O)c1,1,122.167,1,1,0,20.23,-1.4
ClCC#CCOC(=O)Nc1cccc(Cl)c1,1,258.104,1,1,2,38.33,-4.37
CC(=O)Nc1ccc(Cl)cc1,1,169.611,1,1,1,29.1,-2.843
Clc1ccc(Cl)c(c1)c2c(Cl)c(Cl)c(Cl)c(Cl)c2Cl,1,395.327,0,2,1,0,-8.94
CCC(C)(C)C,1,86.178,0,0,0,0,-3.55
CNc1ccccc1,1,107.156,1,1,1,12.03,-1.28
C=CCC=C,1,68.119,0,0,2,0,-2.09
CC(=O)OCC(=O)C1(O)CCC2C3CCC4=CC(=O)CCC4(C)C3C(O)CC21C,1,404.503,2,4,3,100.9,-4.88
Cc1cc(cc(N(=O)=O)c1O)N(=O)=O,1,198.134,1,1,2,106.51,-1.456
OC3N=C(c1ccccc1Cl)c2cc(Cl)ccc2NC3=O,1,321.163,2,3,1,61.69,-3.604
Oc1cccc(Cl)c1,1,128.558,1,1,0,20.23,-0.7
Clc1cccc(Br)c1,1,191.455,0,1,0,0,-3.21
NS(=O)(=O)c2cc1c(N=CNS1(=O)=O)cc2Cl ,1,295.729,2,2,1,118.69,-3.05
O=C1NC(=O)NC(=O)C1(C)CC,1,170.168,2,1,1,75.27,-1.228
OCCOc1ccccc1,1,138.166,1,1,3,29.46,-0.7
C(c1ccccc1)c2ccccc2,2,168.239,0,2,2,0,-4.08
CCCCCC(O)CC,1,130.231,1,0,5,20.23,-1.98
CCN(Cc1c(F)cccc1Cl)c2c(cc(cc2N(=O)=O)C(F)(F)F)N(=O)=O,1,421.734,0,2,6,89.52,-6.78
CC(C)Nc1nc(Cl)nc(NC(C)C)n1,1,229.715,2,1,4,62.73,-4.43
CCCC(C)CO,1,102.177,1,0,3,20.23,-1.11
CCCCC(C)(C)O,1,116.204,1,0,3,20.23,-1.08
CCc1ccccc1,1,106.168,0,1,1,0,-2.77
O=C1NC(=O)NC(=O)C1(CC)CC=C(C)C,1,224.26,2,1,3,75.27,-2.253
ClC1C=CC2C1C3(Cl)C(=C(Cl)C2(Cl)C3(Cl)Cl)Cl,1,373.321,0,3,0,0,-6.317
CCC(C)C1(CC(Br)=C)C(=O)NC(=O)NC1=O ,1,303.156,2,1,4,75.27,-2.647
CC1(C)C(C(=O)OC(C#N)c2cccc(Oc3ccccc3)c2)C1(C)C,1,349.43,0,3,5,59.32,-6.025
COC(C)(C)CCCC(C)CC=CC(C)=CC(=O)OC(C)C,1,310.478,0,0,10,35.53,-5.19
CCOC(=O)CC,1,102.133,0,0,2,26.3,-0.66
CSc1nc(NC(C)C)nc(NC(C)C)n1,1,241.364,2,1,5,62.73,-4.1
CC(C#C)N(C)C(=O)Nc1ccc(Cl)cc1,1,236.702,1,1,2,32.34,-3.9
Cc1cc2ccccc2cc1C,1,156.228,0,2,0,0,-4.72
Clc1ccc(cc1)c2cc(Cl)ccc2Cl ,1,257.547,0,2,1,0,-6.25
Clc1ccc(c(Cl)c1)c2cc(Cl)c(Cl)c(Cl)c2Cl ,1,360.882,0,2,1,0,-7.39
NC(N)=NC#N ,1,84.082,2,0,0,88.19,-0.31
ClC(Cl)(Cl)N(=O)=O,1,164.375,0,0,0,43.14,-2
Clc1cccc(Cl)c1c2ccccc2 ,1,223.102,0,2,1,0,-5.21
COc1ccc(C=O)cc1,1,136.15,0,1,2,26.3,-1.49
CC(=O)Nc1ccc(cc1)N(=O)=O,1,180.163,1,1,2,72.24,-2.692
CCCCCCC(=O)OCC,1,158.241,0,0,6,26.3,-2.74
CC(=O)Nc1ccc(O)cc1,1,151.165,2,1,1,49.33,-1.03
c2ccc1[nH]ncc1c2 ,2,118.139,1,2,0,28.68,-2.16
CC5(C)OC4CC3C2CCC1=CC(=O)C=CC1(C)C2(F)C(O)CC3(C)C4(O5)C(=O)CO ,1,434.504,2,5,2,93.06,-4.31
Nc2nc1[nH]cnc1c(=O)[nH]2 ,1,151.129,3,2,0,100.45,-3.583
COC(=O)C,1,74.079,0,0,0,26.3,0.46
CC34CCC1C(CCC2CC(=O)CCC12C)C3CCC4O ,1,290.447,1,4,0,37.3,-4.743
CCCC(O)C=C,1,100.161,1,0,3,20.23,-0.59
OC(C1=CC2C5C(C1C2=C(c3ccccc3)c4ccccn4)C(=O)NC5=O)(c6ccccc6)c7ccccn7 ,1,511.581,2,7,5,92.18,-3.931
CCCCOCCCC,1,130.231,0,0,6,9.23,-1.85
CCCCCCCCCCCCO,1,186.339,1,0,10,20.23,-4.8
CCN2c1nc(N(C)(CCO))ccc1NC(=O)c3cccnc23 ,1,313.361,2,3,4,81.59,-3.36
CCCC(C)(C)O,1,102.177,1,0,2,20.23,-0.49
Nc1nc(=O)[nH]cc1F,1,129.094,2,1,0,71.77,-0.972
CCCCOc1ccc(C(=O)OCC)c(c1)N(CC)CC ,1,293.407,0,1,9,38.77,-3.84
CCCCCC(C)(C)O,1,130.231,1,0,4,20.23,-1.72
Cc1c(C)c(C)c(C)c(C)c1C,1,162.276,0,1,0,0,-5.23
CC(C)c1ccc(C)cc1O,1,150.221,1,1,1,20.23,-2.22
c2cnc1ncncc1n2,2,132.126,0,2,0,51.56,0.02
CCOP(=S)(OCC)Oc1ccc(cc1)N(=O)=O,1,291.265,0,1,7,70.83,-4.66
C,0,16.043,0,0,0,0,-0.9
c2ccc1NCCc1c2 ,2,119.167,1,2,0,12.03,-1.04
O=N(=O)c1cccc2ccccc12,1,173.171,0,2,1,43.14,-3.54
CCC(C)C(=O)C,1,100.161,0,0,2,17.07,-0.67
Nc1nc(O)nc2nc[nH]c12 ,1,151.129,3,2,0,100.71,-3.401
OC(CC(c1ccccc1)c3c(O)c2ccccc2oc3=O)c4ccc(cc4)c5ccc(Br)cc5 ,1,527.414,2,5,6,70.67,-4.445
CN(=O)=O,1,61.04,0,0,0,43.14,0.26
CC(C)N(C(C)C)C(=O)SCC(Cl)=C(Cl)Cl,1,304.67,0,0,4,20.31,-4.88
C=CCCC=C,1,82.146,0,0,3,0,-2.68
c2ccc1[nH]ccc1c2,2,117.151,1,2,0,15.79,-1.52
CC34CCC1C(CCC2=CC(=O)CCC12C)C3CCC4=O,1,286.415,0,4,0,34.14,-3.69
CCCCC=C,1,84.162,0,0,3,0,-3.23
Cc1cccc(C)c1NC(=O)c2cc(c(Cl)cc2O)S(N)(=O)=O,1,354.815,3,2,3,109.49,-3.79
CCC1CCCCC1,1,112.216,0,1,1,0,-4.25
CCCCCCCC(=O)C,1,142.242,0,0,6,17.07,-2.58
COC(=O)Nc2nc1ccc(cc1[nH]2)C(=O)c3ccccc3,1,295.298,2,3,3,84.08,-3.88
CC(C)OC(=O)Nc1cccc(Cl)c1,1,213.664,1,1,2,38.33,-3.38
CCN2c1nc(Cl)ccc1N(C)C(=O)c3cccnc23 ,1,288.738,0,3,1,49.33,-4.114
CNC(=O)Oc1cccc2ccccc12,1,201.225,1,2,1,38.33,-3.224
C#C,1,26.038,0,0,0,0,0.29
Cc1cncc(C)c1,1,107.156,0,1,0,12.89,0.38
C1C=CCC=C1,2,80.13,0,1,0,0,-2.06
CCOC(=O)N(C)C(=O)CSP(=S)(OCC)OCC,1,329.38,0,0,8,65.07,-2.518
CC(O)c1ccccc1,1,122.167,1,1,1,20.23,-0.92
CC(Cl)CCl,1,112.987,0,0,1,0,-1.6
CCCC=C(CC)C=O,1,126.199,0,0,4,17.07,-2.46
CCOP(=S)(OCC)SCCSCC,1,274.413,0,0,9,18.46,-4.23
CC(=O)OC3(C)CCC4C2CCC1=CC(=O)CCC1(C)C2CCC34C ,1,344.495,0,4,1,43.37,-5.284
Clc1ccc(cc1)c2c(Cl)cccc2Cl ,1,257.547,0,2,1,0,-6.14
Fc1cccc(F)c1C(=O)NC(=O)Nc2ccc(Cl)cc2,1,310.687,2,2,2,58.2,-6.02
Oc1cc(Cl)ccc1Oc2ccc(Cl)cc2Cl,1,289.545,1,2,2,29.46,-4.46
c1(C(=O)OCCCCCC(C)(C))c(C(=O)OCCCCCC(C)(C))cccc1,1,390.564,0,1,14,52.6,-6.637
CC12CC(O)C3C(CCC4=CC(=O)CCC34C)C2CCC1C(=O)CO,1,346.467,2,4,2,74.6,-3.24
Cc1cc(C)cc(C)c1,1,120.195,0,1,0,0,-3.4
CCCCCCCCOC(=O)c1ccccc1C(=O)OCCCCCCCC ,1,390.564,0,1,16,52.6,-5.115
CCCCCCCCCCCCCCCO,1,228.42,1,0,13,20.23,-6.35
Clc1cccc(Cl)c1c2c(Cl)cccc2Cl ,1,291.992,0,2,1,0,-7.39
O=C1NC(=O)NC(=O)C1(C)C,1,156.141,2,1,0,75.27,-1.742
CC(C)I,1,169.993,0,0,0,0,-2.09
O=N(=O)c1ccccc1N(=O)=O,1,168.108,0,1,2,86.28,-3.1
CC(C)C(=O)C,1,86.134,0,0,1,17.07,-0.12
CCCCCCCCCCCCCCCC,1,226.448,0,0,13,0,-8.4
CC12CCC(CC1)C(C)(C)O2,1,154.253,0,3,0,9.23,-1.74
Cc2cccc3sc1nncn1c23 ,1,189.243,0,3,0,30.19,-2.07
CCCCCCC(=O)C,1,128.215,0,0,5,17.07,-2.05
CCCCCCCCC(=O)OC,1,172.268,0,0,7,26.3,-3.38
Fc1ccc(F)cc1,1,114.094,0,1,0,0,-1.97
O=C1N(C2CCC(=O)NC2=O)C(=O)c3ccccc13,1,258.233,1,3,1,83.55,-2.676
CCCN(CCC)c1c(cc(cc1N(=O)=O)C(F)(F)F)N(=O)=O,1,335.282,0,1,7,89.52,-5.68
CCO,1,46.069,1,0,0,20.23,1.1
O=C2NC(=O)C1(CCCC1)C(=O)N2,1,182.179,2,2,0,75.27,-2.349
c1c(NC(=O)OC(C)C(=O)NCC)cccc1,1,236.271,2,1,4,67.43,-1.83
CC(C)=CC3C(C(=O)OCc2cccc(Oc1ccccc1)c2)C3(C)C ,1,350.458,0,3,6,35.53,-5.24
CN(C)C(=O)NC1CCCCCCC1,1,198.31,1,1,1,32.34,-2.218
ClC1(C2(Cl)C3(Cl)C4(Cl)C5(Cl)C1(Cl)C3(Cl)Cl)C5(Cl)C(Cl)(Cl)C24Cl,1,545.546,0,6,0,0,-6.8
CCCCCCCCBr,1,193.128,0,0,6,0,-5.06
CCCCNC(=O)n1c(NC(=O)OC)nc2ccccc12,1,290.323,2,2,4,85.25,-4.883
CN(C)c2c(C)n(C)n(c1ccccc1)c2=O ,1,231.299,0,2,2,30.17,-0.364
CCC(O)CC,1,88.15,1,0,2,20.23,-0.24
Cc1ccc(cc1)N(=O)=O,1,137.138,0,1,1,43.14,-2.49
CC(C)CCCO,1,102.177,1,0,3,20.23,-1.14
CC34CCC1C(CCC2=CC(=O)CCC12O)C3CCC4(O)C#C,1,314.425,2,4,0,57.53,-4.57
CC(C)OC(=O)C(O)(c1ccc(Br)cc1)c2ccc(Br)cc2 ,1,428.12,1,2,4,46.53,-4.93
Nc2cnn(c1ccccc1)c(=O)c2Cl,1,221.647,1,2,1,60.91,-2.878
CCC(C)(C)O,1,88.15,1,0,1,20.23,0.15
Cc1ccc(O)cc1,1,108.14,1,1,0,20.23,-0.73
CCOC=O,1,74.079,0,0,2,26.3,0.15
CN(C)c1ccccc1,1,121.183,0,1,1,3.24,-1.92
C1CCC2CCCCC2C1,2,138.254,0,2,0,0,-5.19
CCCCS,1,90.191,1,0,2,0,-2.18
c1ccc2c(c1)c3cccc4ccc5cccc2c5c43,2,252.316,0,5,0,0,-7.8
ClC(=C(Cl)Cl)Cl,1,165.834,0,0,0,0,-2.54
CCC(=O)CC,1,86.134,0,0,2,17.07,-0.28
C=CC#N,1,53.064,0,0,0,23.79,0.15
CC1CC2C3CC(F)C4=CC(=O)C=CC4(C)C3(F)C(O)CC2(C)C1(O)C(=O)CO,1,410.457,3,4,2,94.83,-5.613
CCCCC(=O)C,1,100.161,0,0,3,17.07,-0.8
CCNc1nc(NC(C)(C)C)nc(OC)n1,1,225.296,2,1,4,71.96,-3.239
CCCCC(C)CC,1,114.232,0,0,4,0,-5.16
BrCCBr,1,187.862,0,0,1,0,-1.68
CNC(=O)Oc1ccccc1C(C)C,1,193.246,1,1,2,38.33,-2.863
O=C1NCCN1c2ncc(s2)N(=O)=O,1,214.206,1,2,2,88.37,-3.22
C1c2ccccc2c3ccc4ccccc4c13,2,216.283,0,4,0,0,-6.68
COc1ccccc1Cl,1,142.585,0,1,1,9.23,-2.46
COP(=S)(OC)Oc1cc(Cl)c(Br)cc1Cl,1,366,0,1,4,27.69,-6.09
ClC(Cl)CC(=O)NC2=C(Cl)C(=O)c1ccccc1C2=O,1,332.57,1,2,3,63.24,-5.03
ClC(Cl)C(c1ccc(Cl)cc1)c2ccc(Cl)cc2 ,1,320.046,0,2,3,0,-7.2
COC(=O)C=C,1,86.09,0,0,1,26.3,-0.22
CN(C)C(=O)Nc2ccc(Oc1ccc(Cl)cc1)cc2,1,290.75,1,2,3,41.57,-4.89
N(=Nc1ccccc1)c2ccccc2,2,182.226,0,2,2,24.72,-4.45
CC(C)c1ccc(C)cc1,1,134.222,0,1,1,0,-3.77
Oc1c(Cl)cccc1Cl,1,163.003,1,1,0,20.23,-1.79
OCC2OC(OC1(CO)OC(CO)C(O)C1O)C(O)C(O)C2O ,1,342.297,8,2,5,189.53,0.79
OC1C(O)C(O)C(O)C(O)C1O,1,180.156,6,1,0,121.38,0.35
Cn2c(=O)n(C)c1ncn(CC(O)CO)c1c2=O,1,254.246,2,2,3,102.28,-0.17
OCC(NC(=O)C(Cl)Cl)C(O)c1ccc(cc1)N(=O)=O,1,323.132,3,1,6,112.7,-2.111
CCC(O)(CC)CC,1,116.204,1,0,3,20.23,-0.85
CC45CCC2C(CCC3CC1SC1CC23C)C4CCC5O,1,306.515,1,5,0,20.23,-5.41
Brc1ccccc1Br,1,235.906,0,1,0,0,-3.5
Oc1c(Cl)cc(Cl)cc1Cl,1,197.448,1,1,0,20.23,-2.34
CCCN(CCC)c1c(cc(cc1N(=O)=O)S(N)(=O)=O)N(=O)=O,1,346.365,1,1,8,149.68,-5.16
C2c1ccccc1N(CCF)C(=O)c3ccccc23 ,1,255.292,0,3,2,20.31,-4.799
CC(C)C(=O)C(C)C,1,114.188,0,0,2,17.07,-1.3
O=C1NC(=O)NC(=O)C1(C(C)C)CC=C(C)C,1,238.287,2,1,3,75.27,-2.593
c1c(O)C2C(=O)C3cc(O)ccC3OC2cc1(OC),1,262.261,2,3,1,75.99,-2.943
Cn1cnc2n(C)c(=O)n(C)c(=O)c12,1,194.194,0,2,0,61.82,-0.876
CC(=O)SC4CC1=CC(=O)CCC1(C)C5CCC2(C)C(CCC23CCC(=O)O3)C45,1,416.583,0,5,1,60.44,-4.173
Cc1ccc(O)cc1C,1,122.167,1,1,0,20.23,-1.38
O(c1ccccc1)c2ccccc2,2,170.211,0,2,2,9.23,-3.96
Clc1cc(Cl)c(cc1Cl)c2cc(Cl)c(Cl)cc2Cl ,1,360.882,0,2,1,0,-8.56
NC(=O)c1cccnc1 ,1,122.127,1,1,1,55.98,0.61
Sc1ccccc1,1,110.181,1,1,0,0,-2.12
CNC(=O)Oc1cc(C)cc(C)c1,1,179.219,1,1,1,38.33,-2.581
ClC1CC2C(C1Cl)C3(Cl)C(=C(Cl)C2(Cl)C3(Cl)Cl)Cl,1,409.782,0,3,0,0,-6.86
CSSC,1,94.204,0,0,1,0,-1.44
NC(=O)c1ccccc1,1,121.139,1,1,1,43.09,-0.96
Clc1ccccc1Br,1,191.455,0,1,0,0,-3.19
COC(=O)c1ccccc1OC2OC(COC3OCC(O)C(O)C3O)C(O)C(O)C2O,1,446.405,6,3,6,184.6,-0.742
CCCCC(O)CC,1,116.204,1,0,4,20.23,-1.47
CCN2c1nc(C)cc(C)c1NC(=O)c3cccnc23 ,1,268.32,1,3,1,58.12,-4.554
Oc1cc(Cl)cc(Cl)c1,1,163.003,1,1,0,20.23,-1.34
Cc1cccc2c1ccc3ccccc32,1,192.261,0,3,0,0,-5.85
CCCCC(CC)CO,1,130.231,1,0,5,20.23,-2.11
CC(C)N(C(C)C)C(=O)SCC(=CCl)Cl,1,270.225,0,0,4,20.31,-4.286
Cc1ccccc1,1,92.141,0,1,0,0,-2.21
Clc1cccc(n1)C(Cl)(Cl)Cl,1,230.909,0,1,0,12.89,-3.76
C1CCC=CCC1,2,96.173,0,1,0,0,-3.18
CN(C)C(=S)SSC(=S)N(C)C ,1,240.444,0,0,0,6.48,-3.9
COC1=CC(=O)CC(C)C13Oc2c(Cl)c(OC)cc(OC)c2C3=O,1,352.77,0,3,3,71.06,-3.246
CCCCCCCCCCO,1,158.285,1,0,8,20.23,-3.63
CCC(C)(C)CC,1,100.205,0,0,2,0,-4.23
CNC(=O)C(C)SCCSP(=O)(OC)(OC),1,287.343,1,0,8,64.63,1.144
Oc1cc(Cl)c(Cl)c(Cl)c1Cl,1,231.893,1,1,0,20.23,-3.15
CCCC=O,1,72.107,0,0,2,17.07,-0.01
CC4CC3C2CCC1=CC(=O)C=CC1(C)C2(F)C(O)CC3(C)C4(O)C(=O)COC(C)=O ,1,434.504,2,4,3,100.9,-4.9
CCCC,1,58.124,0,0,1,0,-2.57
COc1ccccc1O,1,124.139,1,1,1,29.46,-1.96
CC1CC2C3CCC(O)(C(=O)C)C3(C)CC(O)C2(F)C4(C)C=CC(=O)C=C14,1,376.468,2,4,1,74.6,-4.099
ClC(Cl)C(Cl)(Cl)Cl,1,202.295,0,0,0,0,-2.6
CCOC(=O)c1ccccc1C(=O)OCC,1,222.24,0,1,4,52.6,-2.35
CC(C)CO,1,74.123,1,0,1,20.23,0.1
CC(C)Cc1ccccc1,1,134.222,0,1,2,0,-4.12
ICI,1,267.835,0,0,0,0,-2.34
CCCC(O)CCC,1,116.204,1,0,4,20.23,-1.4
CCCCCOC(=O)C,1,130.187,0,0,4,26.3,-1.89
Oc1c(Cl)c(Cl)cc(Cl)c1Cl,1,231.893,1,1,0,20.23,-3.37
CCCc1ccccc1,1,120.195,0,1,2,0,-3.37
FC(F)(Cl)C(F)(F)Cl,1,170.92,0,0,1,0,-2.74
CC=CC=O,1,70.091,0,0,1,17.07,0.32
CN(C)C(=O)N(C)C ,1,116.164,0,0,0,23.55,0.94
Cc1cc(C)c(C)cc1C,1,134.222,0,1,0,0,-4.59
CC(=O)OC3(CCC4C2CCC1=CC(=O)CCC1C2CCC34C)C#C,1,340.463,0,4,1,43.37,-4.8
CCOP(=S)(OCC)N2C(=O)c1ccccc1C2=O,1,299.288,0,2,5,55.84,-3.35
c1ccccc1NC(=O)c2c(O)cccc2,1,213.236,2,2,2,49.33,-3.59
CCN(CC)C(=S)SCC(Cl)=C,1,223.794,0,0,4,3.24,-3.39
ClCC,1,64.515,0,0,0,0,-1.06
CC(=O)Nc1cc(NS(=O)(=O)C(F)(F)F)c(C)cc1C,1,310.297,2,1,3,75.27,-3.24
O=C(C=CC=Cc2ccc1OCOc1c2)N3CCCCC3,1,285.343,0,3,3,38.77,-3.46
CC/C=C\C,1,70.135,0,0,1,0,-2.54
CNC(=O)ON=C(CSC)C(C)(C)C ,1,218.322,1,0,3,50.69,-1.62
O=C2NC(=O)C1(CCCCCCC1)C(=O)N2,1,224.26,2,2,0,75.27,-2.982
c1(C(C)(C)C)cc(C(C)(C)C)cc(OC(=O)NC)c1,1,263.381,1,1,1,38.33,-4.24
Oc2cc(O)c1C(=O)CC(Oc1c2)c3ccc(O)c(O)c3,1,288.255,4,3,1,107.22,-3.62
O=C(c1ccccc1)c2ccccc2,1,182.222,0,2,2,17.07,-3.12
CCCCCCCCCCCCCCCCCCCC,1,282.556,0,0,17,0,-8.172
N(Nc1ccccc1)c2ccccc2 ,2,184.242,2,2,3,24.06,-2.92
CCC(CC)CO,1,102.177,1,0,3,20.23,-1.17
Oc1ccncc1,1,95.101,1,1,0,33.12,1.02
Cl\C=C/Cl,1,96.944,0,0,0,0,-1.3
CC1CCCC1,1,84.162,0,1,0,0,-3.3
CC(C)CC(C)O,1,102.177,1,0,2,20.23,-0.8
O2c1ccc(N)cc1N(C)C(=O)c3cc(C)ccc23 ,1,254.289,1,3,0,55.56,-3.928
CC(C)(C)CO,1,88.15,1,0,0,20.23,-0.4
CC(C)(C)C(=O)C(Oc1ccc(Cl)cc1)n2cncn2,1,293.754,0,2,4,57.01,-3.61
Cc1cc(no1)C(=O)NNCc2ccccc2,1,231.255,2,2,4,67.16,-2.461
CC=C,1,42.081,0,0,0,0,-1.08
Oc1ccc(Cl)cc1Cc2cc(Cl)ccc2O,1,269.127,2,2,2,40.46,-3.953
CCOC(=O)Nc2cccc(OC(=O)Nc1ccccc1)c2 ,1,300.314,2,2,4,76.66,-4.632
O=C1c2ccccc2C(=O)c3ccccc13,1,208.216,0,3,0,34.14,-5.19
CCCCCCC(C)O,1,130.231,1,0,5,20.23,-2.09
CC1=C(C(=O)Nc2ccccc2)S(=O)(=O)CCO1,1,267.306,1,2,2,72.47,-2.281
CCCCc1ccccc1,1,134.222,0,1,3,0,-4.06
O=C1NC(=O)C(=O)N1 ,1,114.06,2,1,0,75.27,-0.4
COP(=S)(OC)Oc1ccc(Sc2ccc(OP(=S)(OC)OC)cc2)cc1,1,466.479,0,2,10,55.38,-6.237
NS(=O)(=O)c1cc(ccc1Cl)C2(O)NC(=O)c3ccccc23,1,338.772,3,3,2,109.49,-3.451
CC(C)COC(=O)C,1,116.16,0,0,2,26.3,-1.21
CC(C)C(C)(C)C,1,100.205,0,0,0,0,-4.36
Clc1ccc(c(Cl)c1Cl)c2c(Cl)cc(Cl)c(Cl)c2Cl ,1,395.327,0,2,1,0,-7.66
N#Cc1ccccc1C#N,1,128.134,0,1,0,47.58,-2.38
Cc1cccc(c1)N(=O)=O,1,137.138,0,1,1,43.14,-2.44
FC(F)(F)C(Cl)Br ,1,197.381,0,0,0,0,-1.71
CNC(=O)ON=C(SC)C(=O)N(C)C,1,219.266,1,0,1,71,0.106
CCSCCSP(=S)(OC)OC,1,246.359,0,0,7,18.46,-3.091
CCC(C)C,1,72.151,0,0,1,0,-3.18
COP(=O)(OC)OC(=CCl)c1cc(Cl)c(Cl)cc1Cl,1,365.964,0,1,5,44.76,-4.522
